sample,snp_1,snp_2,snp_3,snp_4,snp_5,snp_6,snp_7,snp_8,snp_9,snp_10,snp_11,snp_12,snp_13,snp_14,snp_15,snp_16,snp_17,snp_18,snp_19,snp_20,snp_21,snp_22,snp_23,snp_24,snp_25,snp_26,snp_27,snp_28,snp_29,snp_30,snp_31,snp_32,snp_33,snp_34,snp_35,snp_36,snp_37,snp_38,snp_39,snp_40,snp_41,snp_42,snp_43,snp_44,snp_45,snp_46,snp_47,snp_48,snp_49,snp_50
sample_1,0.021,0.0,0.053,0.066,0.863,0.0,0.009,0.0,1.999,1.94,1.062,1.054,1.005,0.079,1.033,0.94,0.026,0.0,0.061,0.997,0.0,0.0,0.086,0.0,0.0,0.975,0.037,0.026,0.029,0.03,1.15,0.972,0.0,0.943,2.0,0.079,0.0,1.941,0.0,1.046,0.052,0.038,0.953,0.016,0.008,0.015,0.061,0.016,2.0,1.005
sample_2,0.02,0.044,0.0,0.0,0.0,0.0,0.0,0.105,1.939,2.0,0.882,0.977,0.011,1.041,1.05,1.056,0.0,0.968,1.06,0.0,0.0,0.0,0.0,1.035,0.01,1.048,0.0,0.011,1.044,0.0,0.032,0.954,0.0,0.0,1.916,0.034,0.967,0.001,1.034,1.031,0.047,0.0,0.0,0.0,0.0,0.0,0.0,0.0,0.028,0.0
sample_3,0.0,0.091,0.0,0.052,0.0,0.0,0.0,0.0,1.059,1.879,0.03,1.017,0.0,0.0,1.005,0.963,0.016,0.002,0.112,0.983,0.928,1.013,0.015,0.095,1.058,0.025,1.102,0.0,0.955,0.0,0.0,0.0,1.044,0.984,0.0,0.0,0.022,1.059,1.14,1.204,0.029,0.0,0.851,1.019,0.943,1.971,0.0,0.99,0.075,0.011
sample_4,0.0,0.0,0.0,0.0,0.0,0.124,1.009,1.069,0.0,0.917,1.932,0.949,0.149,0.0,1.059,0.937,0.065,0.027,0.0,0.0,0.954,0.031,0.0,0.0,0.911,1.012,0.111,0.011,0.992,0.02,0.091,0.015,0.971,1.077,0.03,0.108,0.013,1.914,0.0,0.116,0.121,0.0,0.0,1.102,0.923,0.937,0.045,0.972,0.0,1.989
sample_5,0.024,0.099,0.006,0.045,0.0,0.0,0.0,0.915,0.0,0.977,0.064,0.0,0.002,0.0,0.0,2.0,0.038,0.094,0.989,0.0,0.0,0.017,0.012,0.0,0.006,0.016,1.176,0.131,1.94,0.0,0.0,0.0,1.022,0.084,0.0,0.0,0.0,1.989,0.0,0.963,0.0,0.993,0.0,0.897,0.149,0.91,0.0,0.129,0.203,0.0
sample_6,0.0,1.024,0.121,0.0,0.0,0.054,0.03,0.0,0.0,0.0,0.0,0.0,0.016,0.0,1.033,0.071,1.011,0.025,0.004,1.0,0.0,0.022,0.0,2.0,0.11,0.027,0.947,0.922,0.083,1.018,0.034,0.0,1.065,1.032,0.922,0.0,0.018,0.004,0.98,0.0,0.0,0.011,0.103,0.0,0.0,0.012,0.021,0.0,0.0,1.023
sample_7,0.121,0.0,0.06,0.0,0.0,0.0,0.0,1.091,0.041,1.121,1.082,1.031,0.122,0.031,0.058,0.979,2.0,0.0,0.069,0.0,0.055,0.987,1.082,1.053,1.127,0.051,0.89,0.0,0.918,0.964,0.106,0.045,0.0,0.0,1.002,0.0,0.0,0.022,0.081,0.043,0.0,0.021,0.005,0.029,0.113,0.0,0.959,0.041,0.0,2.0
sample_8,0.026,0.059,0.0,0.057,0.075,0.016,1.016,1.019,0.0,1.99,0.0,0.027,1.07,0.926,1.991,1.104,0.948,0.942,1.014,1.059,0.001,2.0,0.06,0.059,0.039,1.163,1.986,0.86,0.112,0.0,1.008,0.092,0.0,0.0,0.0,0.0,0.031,0.037,1.019,0.901,0.0,1.004,0.0,0.032,0.049,0.01,0.053,0.016,2.0,0.951
sample_9,0.0,0.014,0.057,0.0,0.036,0.0,0.992,2.0,0.86,0.909,0.0,0.837,0.0,0.052,0.0,1.014,1.076,0.093,0.0,0.095,0.006,0.0,0.958,0.0,0.0,0.975,1.056,1.12,0.0,1.027,0.0,1.033,0.991,0.872,1.065,0.0,0.0,0.925,0.0,0.03,0.0,0.023,0.025,0.092,0.0,0.0,0.075,0.0,2.0,2.0
sample_10,0.0,0.024,0.137,0.145,0.005,0.011,0.075,0.0,0.023,1.998,0.022,0.0,0.0,0.0,0.922,0.0,0.0,0.136,0.077,0.0,0.024,0.972,0.0,1.013,0.043,0.976,0.074,0.92,0.0,2.0,0.016,0.1,0.006,0.041,0.0,0.0,0.945,1.03,0.0,1.047,0.076,1.026,1.98,1.032,0.0,1.065,0.0,0.0,0.0,0.895
sample_11,0.095,0.063,0.0,0.0,0.0,0.0,0.169,0.03,0.0,1.033,0.0,0.979,0.007,0.0,2.0,0.024,0.047,0.0,0.063,2.0,0.0,0.0,1.094,0.0,1.098,0.969,1.102,0.009,0.018,1.11,0.0,0.0,0.0,1.032,0.0,1.045,0.0,1.08,0.0,0.945,0.0,1.942,0.017,0.987,0.0,0.0,0.014,1.929,1.049,0.046
sample_12,0.027,0.039,0.021,0.142,0.0,0.0,0.0,0.0,0.913,0.0,0.0,1.023,0.004,0.946,0.063,1.052,1.989,0.0,0.038,1.013,0.899,1.995,1.018,0.937,1.013,0.0,1.094,0.087,0.982,0.025,0.0,1.919,0.979,0.0,1.05,0.14,0.0,0.0,0.016,1.113,0.0,1.017,0.127,0.0,0.91,0.97,0.0,1.057,0.017,0.876
sample_13,0.036,0.0,0.089,0.0,0.0,0.038,0.053,1.031,0.882,1.038,0.0,1.016,0.0,1.031,0.0,0.91,0.05,0.017,0.0,1.102,0.0,1.002,1.019,0.0,0.033,0.0,0.971,1.095,0.0,0.0,0.113,0.178,0.0,0.864,0.978,0.0,0.0,0.0,1.041,0.037,0.0,0.049,0.144,1.012,0.0,0.0,0.043,0.0,1.012,0.0
sample_14,0.129,0.0,0.117,0.0,0.041,0.022,0.0,1.012,1.085,1.977,0.0,0.0,0.0,0.0,0.0,0.881,0.887,1.034,0.0,0.0,0.055,2.0,0.95,0.0,1.059,1.024,0.167,2.0,1.027,0.0,0.057,0.044,0.088,0.0,0.97,0.0,0.055,1.105,0.0,0.0,1.022,0.0,0.067,0.0,0.942,0.0,0.0,0.0,0.936,0.986
sample_15,0.078,0.0,0.0,0.0,0.073,0.932,1.936,1.039,0.0,1.045,0.0,0.049,0.0,0.0,0.985,0.915,0.0,0.048,0.0,0.0,0.0,1.079,0.0,0.895,0.0,0.102,0.02,0.054,0.0,0.0,0.031,0.004,1.038,0.987,0.019,0.011,1.054,0.056,0.0,0.843,0.07,2.0,0.0,0.87,0.007,2.0,0.126,1.036,0.0,0.0
sample_16,0.001,0.0,0.0,0.143,0.125,0.08,0.0,0.06,1.045,0.031,1.087,1.044,0.052,0.045,0.024,0.0,0.006,0.0,0.0,1.118,1.121,1.095,0.018,1.095,0.001,1.014,0.923,1.028,0.004,0.0,0.0,0.0,1.126,0.063,1.001,0.017,0.003,0.986,0.0,1.989,0.0,0.0,1.036,0.027,0.875,0.0,0.07,0.074,1.072,0.003
sample_17,0.0,0.0,0.024,0.027,0.09,0.077,0.0,0.913,0.0,0.015,0.986,0.96,0.018,0.0,0.0,0.022,0.0,0.017,0.019,0.0,0.0,1.101,0.0,0.852,0.0,0.002,2.0,0.0,1.085,0.0,0.028,1.109,0.0,0.973,0.0,0.937,0.0,0.1,1.129,0.0,0.133,0.002,0.123,0.993,0.009,0.026,0.223,1.06,0.95,0.068
sample_18,0.0,0.0,0.064,0.002,0.02,0.001,1.024,1.03,0.0,1.047,0.931,0.899,0.0,1.006,1.951,0.058,1.906,0.972,0.959,0.0,2.0,0.929,0.051,0.004,0.0,0.863,0.999,0.0,0.0,0.0,0.016,0.066,0.922,0.0,0.0,0.02,1.087,0.0,0.0,0.0,0.0,0.0,0.0,0.003,0.0,0.073,0.0,0.94,0.034,0.0
sample_19,0.027,0.007,0.0,0.111,0.0,0.144,0.0,0.0,0.005,0.925,0.947,2.0,0.039,0.956,1.069,0.081,1.101,1.037,0.095,0.0,0.0,0.939,0.008,0.0,0.0,0.132,0.0,0.029,0.984,0.005,1.0,0.031,0.082,1.115,1.022,0.041,0.0,0.0,1.066,2.0,1.015,0.062,1.034,0.084,1.02,0.0,0.024,0.795,1.027,0.745
sample_20,0.0,0.032,0.033,0.0,0.0,1.096,0.966,0.157,0.0,1.029,2.0,0.009,0.0,0.992,0.998,0.0,1.982,0.0,0.065,1.002,0.0,0.0,0.016,0.043,0.0,0.0,1.077,0.0,0.901,0.031,1.032,0.0,1.016,0.051,2.0,0.044,0.0,0.023,0.0,0.0,0.061,1.104,0.126,0.092,0.0,1.025,0.054,0.008,1.009,1.058
sample_21,0.0,0.0,0.0,1.044,0.0,1.024,0.047,0.974,1.053,0.027,0.914,1.101,0.0,0.0,0.0,0.0,0.004,1.981,0.0,1.043,0.024,0.022,2.0,1.043,0.0,0.974,0.0,0.003,1.0,0.073,0.083,1.014,0.0,0.034,0.0,0.0,0.069,0.0,0.056,2.0,0.0,1.068,0.049,0.007,0.0,0.0,0.0,1.038,0.0,0.031
sample_22,0.0,0.0,0.008,0.171,0.0,0.103,0.01,0.029,0.008,0.031,0.0,1.102,0.0,1.079,0.0,0.0,0.0,0.032,1.101,0.995,0.0,0.0,0.0,0.0,0.0,0.016,0.092,0.197,0.0,0.1,1.017,0.0,1.03,1.004,0.008,0.0,0.902,0.0,1.046,0.981,0.0,2.0,1.056,0.013,0.0,1.086,0.111,2.0,1.068,0.087
sample_23,0.079,0.043,0.042,0.036,0.0,0.049,0.0,0.944,0.091,1.059,2.0,0.0,0.0,0.0,0.007,0.006,1.079,0.0,0.025,0.0,0.032,0.0,0.948,0.983,0.987,0.981,0.124,1.993,0.983,0.853,0.0,0.982,0.0,0.097,0.988,0.09,2.0,0.003,0.0,1.0,0.12,0.838,0.0,0.0,1.001,1.048,0.033,0.973,2.0,1.072
sample_24,0.013,1.067,0.019,0.961,1.049,0.008,0.0,0.103,0.828,1.901,0.0,0.0,0.0,0.894,0.931,0.0,0.172,0.126,0.0,0.0,0.0,1.866,0.992,0.0,0.0,0.888,0.0,0.01,0.026,0.029,0.0,1.06,0.944,0.044,0.0,0.0,0.978,0.026,0.043,0.0,0.107,0.071,0.0,0.053,0.135,1.137,0.0,0.935,0.104,0.926
sample_25,0.0,0.0,0.029,0.0,0.0,0.953,0.0,0.938,1.16,1.021,0.062,0.966,0.987,0.95,0.814,0.0,0.0,0.843,0.0,0.093,0.0,0.09,0.029,0.055,0.937,0.037,1.051,0.0,1.039,1.04,0.0,0.921,0.0,1.006,1.023,0.0,0.002,0.04,0.043,0.109,0.089,0.0,1.118,0.963,1.073,0.005,0.0,0.0,0.0,1.891
sample_26,0.068,1.106,0.0,0.021,0.0,0.0,0.054,0.997,1.122,1.966,1.07,1.007,0.056,0.969,0.997,0.0,0.0,1.046,0.046,0.042,0.108,1.101,0.0,1.026,0.0,0.002,0.0,0.113,0.025,0.985,0.084,0.0,0.0,0.056,1.004,0.018,1.907,0.998,0.14,0.058,0.012,1.969,0.0,0.0,0.018,1.059,0.0,0.0,0.0,0.0
sample_27,0.004,0.0,0.043,0.053,0.0,0.0,0.0,0.086,1.806,1.976,0.0,1.056,0.0,0.028,0.04,1.129,0.986,0.026,0.0,0.083,0.0,0.961,0.0,0.891,0.016,0.068,1.021,0.0,0.991,0.052,0.0,0.925,0.061,0.019,0.029,0.13,0.033,0.046,0.19,1.985,0.0,0.03,0.031,0.963,0.0,0.162,1.023,0.949,1.064,0.992
sample_28,0.0,0.039,0.0,0.025,0.134,0.033,0.974,0.965,0.0,0.982,0.0,0.064,0.879,1.06,0.0,1.026,0.0,0.093,1.087,0.067,0.0,0.058,0.028,0.888,0.0,0.026,0.039,0.012,0.02,1.103,0.086,0.0,0.0,0.988,0.877,0.007,0.087,0.924,0.024,0.936,0.0,0.103,1.962,0.032,0.0,1.13,0.042,0.987,1.04,0.901
sample_29,0.083,0.0,0.0,0.0,0.0,0.049,1.018,0.046,0.999,1.036,0.0,1.156,0.0,1.088,1.096,1.94,0.156,0.07,0.068,0.002,0.0,0.0,1.027,1.098,0.013,0.0,1.058,1.064,0.046,0.052,0.0,0.0,0.0,1.886,1.017,0.0,0.969,0.793,0.0,1.078,0.0,1.025,0.0,2.0,0.0,1.02,1.163,1.106,0.0,0.958
sample_30,0.0,0.036,0.0,0.0,0.103,0.992,0.161,1.006,2.0,1.025,1.067,0.949,0.94,0.032,0.069,0.003,0.91,0.905,0.0,0.0,0.008,1.079,0.999,0.0,0.0,0.989,0.147,0.0,0.0,0.119,0.031,1.039,0.008,1.023,0.054,0.0,0.061,0.904,0.023,1.013,0.957,0.998,0.0,0.925,0.0,0.0,0.023,0.919,2.0,0.0
sample_31,0.0,0.0,0.093,0.023,0.0,0.035,0.0,0.997,1.14,0.009,1.005,0.038,0.063,0.86,0.0,0.015,0.95,1.092,0.0,0.865,1.911,0.0,0.0,0.0,0.0,0.076,0.084,0.988,0.0,0.043,1.039,0.022,1.069,0.0,1.141,0.0,0.052,1.882,0.0,0.106,0.0,0.059,1.017,0.0,1.095,0.983,0.0,0.0,1.039,0.028
sample_32,0.0,0.0,0.0,0.0,0.0,0.0,0.0,1.054,1.057,0.99,0.0,0.01,0.0,0.0,0.934,0.0,0.0,0.011,0.051,0.889,1.002,0.985,0.024,0.0,0.898,0.0,0.002,0.072,0.0,1.024,0.083,0.0,0.039,0.951,0.0,0.0,0.0,0.066,0.0,0.968,0.0,0.901,0.988,0.949,0.026,2.0,1.022,0.017,1.11,0.0
sample_33,0.0,0.079,0.089,0.0,0.0,1.095,1.036,1.014,0.0,1.973,0.02,1.982,0.0,1.006,0.0,0.037,1.204,0.0,0.023,0.0,0.04,0.003,0.053,0.082,0.013,0.079,0.0,0.111,1.026,0.075,0.915,0.0,0.01,0.0,1.02,0.076,0.0,1.068,1.001,0.986,0.0,2.0,0.0,0.045,0.0,1.004,0.0,0.082,0.0,0.0
sample_34,0.0,0.089,0.038,0.0,0.0,0.0,0.027,0.0,2.0,0.009,1.167,0.0,0.993,0.126,1.083,0.951,0.016,0.0,0.02,0.951,0.0,0.0,1.009,2.0,0.984,0.0,1.069,0.026,0.949,0.0,0.0,0.0,0.0,2.0,0.0,0.045,0.962,2.0,0.99,1.061,0.0,0.0,0.0,0.963,0.0,0.029,0.967,0.166,0.0,1.014
sample_35,0.0,0.0,0.01,0.0,0.017,0.133,0.0,0.018,1.072,1.989,0.959,0.841,0.045,0.0,0.929,0.009,0.0,0.963,2.0,0.0,0.073,0.902,0.0,0.135,1.079,0.007,0.0,0.0,1.005,0.003,0.994,0.0,0.0,0.0,0.964,0.064,0.0,0.987,0.0,0.008,0.0,1.103,1.035,0.0,1.047,0.946,0.0,1.022,0.966,1.062
sample_36,0.0,0.0,0.0,0.96,0.077,0.044,0.12,1.159,0.928,1.005,0.0,1.946,1.956,0.0,0.926,0.0,0.915,1.059,0.936,0.197,0.0,0.005,0.0,0.119,1.078,0.021,0.0,0.015,0.921,0.102,0.057,1.007,0.829,0.931,0.048,0.085,0.078,0.0,0.021,1.071,0.0,0.0,1.019,0.0,0.87,1.977,0.0,0.0,0.0,0.969
sample_37,0.0,0.031,0.0,0.0,0.006,0.0,0.033,1.0,1.003,2.0,0.0,0.0,1.019,1.0,0.012,0.0,0.047,0.065,1.034,0.0,0.852,0.054,0.086,0.045,0.0,1.047,0.06,0.109,0.939,0.0,0.052,1.004,0.0,0.029,0.041,0.006,0.015,0.0,1.103,1.937,0.959,1.001,0.062,0.0,0.908,0.0,0.002,0.922,0.973,1.046
sample_38,0.0,0.016,0.0,1.047,0.033,0.0,0.0,1.073,2.0,0.902,0.046,0.924,1.099,1.072,0.02,1.011,0.0,0.047,0.974,0.016,1.061,0.0,0.957,0.0,0.0,0.0,1.051,0.127,0.1,0.0,0.051,0.1,0.0,0.007,0.859,0.019,0.926,0.014,0.0,1.038,1.072,0.945,0.0,0.0,0.0,0.959,0.891,1.032,0.969,0.925
sample_39,0.961,0.075,0.042,0.0,0.043,0.919,0.002,0.01,0.967,1.03,0.945,0.036,2.0,0.0,1.083,0.0,0.957,0.072,0.978,0.0,0.923,0.072,0.0,0.079,0.0,0.917,0.959,0.0,1.061,0.051,0.0,0.0,0.94,2.0,0.0,0.112,0.998,0.919,0.0,0.0,0.0,2.0,0.0,0.0,0.973,0.0,0.947,0.0,0.0,0.14
sample_40,0.004,0.017,0.0,0.0,0.015,0.0,0.064,0.0,1.98,1.959,0.012,0.0,0.0,0.0,0.0,0.034,1.017,0.994,0.0,1.056,0.0,0.0,0.007,1.119,0.906,0.054,0.0,0.015,0.11,0.034,0.012,0.961,0.002,0.982,0.945,0.0,0.014,0.946,0.944,0.905,0.027,0.038,1.016,1.068,0.006,0.027,0.021,0.0,0.963,2.0
sample_41,0.0,0.0,0.03,0.018,0.902,0.079,0.0,1.922,2.0,2.0,0.0,0.124,0.046,0.0,0.111,1.011,0.0,1.954,1.041,0.033,1.001,0.0,0.009,0.0,0.0,0.0,0.04,0.0,0.014,0.0,0.092,0.0,1.046,0.0,1.008,0.052,1.968,0.07,0.0,0.021,0.065,0.046,1.134,0.0,0.0,0.93,0.046,1.035,0.007,0.921
sample_42,0.054,0.0,0.081,1.2,0.026,0.041,0.0,0.873,0.958,0.923,0.0,1.121,0.019,0.027,0.978,0.988,1.068,0.0,0.037,0.986,0.0,0.0,0.0,0.0,1.004,0.0,0.0,1.004,1.849,0.936,0.029,0.027,0.0,0.011,0.072,0.054,0.993,0.967,0.0,1.033,0.014,0.044,1.009,0.057,1.007,1.055,0.061,1.944,0.0,0.108
sample_43,0.018,0.0,0.0,0.054,0.0,0.0,0.098,0.0,0.0,0.015,1.027,0.035,1.064,0.014,1.034,0.982,0.004,1.008,0.015,0.054,1.039,0.003,0.0,2.0,0.0,2.0,1.154,0.0,0.03,0.075,0.007,0.164,0.974,1.023,1.944,0.0,0.017,1.059,1.022,2.0,0.0,0.977,1.189,0.028,0.95,0.951,0.934,1.066,0.0,0.009
sample_44,0.0,0.051,0.0,0.0,0.016,0.042,0.023,0.0,0.047,0.0,0.0,0.934,0.091,1.044,2.0,0.087,0.197,0.88,0.948,0.957,0.0,1.925,0.0,0.915,0.023,1.004,0.034,0.036,0.042,0.0,0.148,0.016,0.0,0.93,0.878,0.001,0.0,0.0,0.141,1.038,0.051,0.0,0.0,0.003,0.012,1.87,0.0,0.001,0.0,0.943
sample_45,0.0,0.0,0.006,0.042,0.076,0.0,0.0,1.031,0.043,0.97,0.055,1.069,0.09,0.124,0.939,0.001,1.001,0.0,0.955,0.0,1.006,0.946,2.0,0.0,0.923,0.016,1.011,1.041,0.153,0.019,1.034,0.0,0.0,2.0,0.0,0.0,0.0,0.994,0.0,0.979,1.086,0.0,0.0,0.066,0.034,0.0,0.0,0.0,0.0,1.082
sample_46,0.0,0.0,0.047,0.0,0.072,0.0,0.023,0.017,0.076,1.039,0.834,0.0,0.01,0.0,0.033,0.055,1.043,0.985,0.0,0.0,0.029,0.0,2.0,1.064,0.009,0.0,0.911,1.132,0.0,0.861,0.086,0.001,0.077,0.019,1.032,0.025,1.049,1.159,0.068,0.889,0.031,0.08,1.084,0.97,0.082,0.065,0.18,0.0,0.964,0.0
sample_47,0.0,0.0,0.0,0.0,1.026,0.0,1.135,2.0,0.09,1.018,1.058,0.02,0.096,1.004,0.035,1.026,0.0,0.028,0.156,0.981,0.029,1.088,0.08,0.001,0.0,0.036,0.0,0.103,0.012,0.07,0.0,0.0,0.018,0.998,0.966,0.006,0.194,0.058,0.073,0.059,0.104,0.0,0.856,0.0,0.057,1.932,0.0,0.0,1.105,1.052
sample_48,0.046,0.044,0.0,0.014,0.0,0.0,0.011,0.023,0.085,0.11,0.11,0.0,0.0,0.034,0.177,0.104,0.078,0.0,0.0,0.055,0.0,0.0,0.0,0.112,0.0,0.0,1.035,0.0,0.003,0.0,0.0,0.055,0.0,0.0,2.0,0.0,0.0,1.047,1.079,0.0,0.0,0.049,0.0,1.022,0.938,0.0,0.0,0.987,0.0,1.041
sample_49,0.0,0.069,0.02,0.0,0.0,0.885,2.0,0.975,1.834,0.962,0.0,0.11,0.0,0.0,1.078,1.095,0.0,0.0,0.043,0.0,0.87,0.98,0.108,0.0,1.007,0.079,1.147,0.0,0.0,1.128,0.0,0.072,0.0,2.0,0.0,0.0,0.0,0.019,0.07,1.991,0.005,1.04,0.0,0.052,0.057,1.182,0.974,0.968,1.054,1.057
sample_50,0.0,0.0,0.038,0.0,0.0,0.006,0.07,0.958,0.871,0.866,0.912,0.908,0.0,0.0,0.951,0.0,0.0,0.093,0.046,1.001,0.0,0.0,0.023,0.041,1.936,1.003,0.0,0.015,0.053,0.0,0.127,0.938,0.015,1.997,0.993,0.0,1.007,1.059,0.096,1.0,1.057,0.0,1.054,0.0,1.076,1.155,0.0,0.0,0.0,0.086
sample_51,0.039,0.017,1.071,1.034,0.085,1.064,0.107,0.025,1.063,1.979,0.0,1.119,0.015,1.056,0.009,0.0,0.001,0.101,1.039,0.0,0.985,0.125,0.0,0.0,0.133,0.048,1.995,0.974,1.076,0.0,1.08,1.038,1.017,0.01,0.988,0.073,0.0,1.886,1.043,0.044,0.034,0.029,0.0,1.055,0.0,0.0,0.978,0.141,0.0,0.035
sample_52,0.0,0.0,0.0,0.0,0.027,0.0,0.0,0.059,0.1,2.0,1.025,1.003,0.093,1.118,0.079,0.0,0.014,2.0,0.873,0.033,0.159,0.045,1.103,1.013,0.0,1.027,0.943,0.933,0.089,1.096,0.0,0.068,0.994,1.024,1.032,0.07,1.006,1.099,0.022,0.044,0.0,1.151,0.033,0.05,0.887,0.0,0.087,0.02,0.866,2.0
sample_53,0.0,0.099,0.0,0.014,0.083,0.937,0.0,0.986,1.058,0.907,0.0,0.058,0.0,0.973,0.0,0.0,0.0,0.065,0.0,0.116,0.0,0.952,0.108,0.015,0.961,0.0,0.095,0.103,0.943,0.0,0.006,0.0,0.996,1.0,1.08,1.085,0.977,0.0,0.047,0.959,0.041,0.994,0.0,0.0,1.101,0.989,0.115,0.964,1.02,1.167
sample_54,0.0,0.0,0.09,0.0,0.0,0.0,0.019,0.933,0.987,1.031,0.929,1.951,0.0,0.0,0.0,0.008,0.972,0.0,0.999,0.954,0.048,0.101,0.0,0.034,0.0,0.026,1.11,2.0,0.876,1.032,0.086,0.984,1.07,0.0,0.0,0.01,0.0,0.0,0.09,0.866,0.0,0.0,0.0,0.974,0.098,1.067,0.035,0.01,1.028,0.0
sample_55,0.06,0.0,0.058,0.083,0.015,0.0,0.028,0.8,0.021,0.992,0.0,1.049,0.0,0.0,0.99,0.005,0.008,0.011,0.073,0.0,0.012,0.09,0.0,0.013,1.959,0.974,0.0,0.0,1.129,0.911,0.0,0.0,0.121,0.968,0.998,0.0,0.0,0.0,0.172,1.097,0.0,0.045,0.0,0.0,0.071,1.081,0.073,0.967,0.0,0.052
sample_56,0.027,0.0,0.0,1.008,0.076,0.0,0.045,0.023,1.053,0.061,0.951,0.0,1.963,0.062,0.0,1.951,0.0,1.123,0.058,2.0,0.068,1.04,1.983,0.0,1.97,1.184,1.039,0.968,0.033,0.929,0.105,0.954,0.035,0.075,1.027,0.007,0.001,0.996,0.0,0.0,0.104,0.992,0.945,0.0,1.077,1.047,1.039,0.0,1.04,0.955
sample_57,0.0,0.068,0.061,0.0,0.0,0.008,0.121,1.866,2.0,0.904,0.0,0.0,0.0,0.0,2.0,0.963,0.898,0.055,0.053,0.059,0.0,1.021,0.047,0.928,0.001,0.0,0.129,1.135,0.0,1.175,0.936,0.069,1.068,0.93,2.0,0.0,1.039,0.016,1.084,2.0,0.0,0.077,0.041,0.051,0.0,0.927,0.0,0.957,1.055,0.068
sample_58,0.0,0.1,0.096,0.017,0.0,0.11,0.0,1.009,0.0,1.938,0.897,0.044,0.0,0.214,0.924,0.0,0.036,1.107,1.005,1.04,0.871,0.0,0.0,0.867,1.008,0.0,0.907,0.0,0.0,0.028,0.021,1.063,0.053,0.08,0.0,0.021,0.036,1.01,0.972,0.977,0.0,1.03,0.0,0.954,0.954,0.0,0.069,0.006,1.94,1.057
sample_59,0.0,0.902,0.071,0.0,0.0,0.003,1.08,2.0,1.916,2.0,0.0,1.132,1.0,0.0,1.025,0.136,1.11,1.128,0.0,0.064,0.0,0.016,0.911,0.0,0.0,0.063,1.056,1.019,0.905,0.0,0.0,0.061,0.082,0.074,0.947,0.0,0.0,0.1,0.0,0.947,0.115,0.089,0.002,0.0,0.0,0.016,0.112,0.03,0.051,2.0
sample_60,0.0,0.053,0.0,0.0,0.0,0.0,0.037,1.008,1.013,2.0,0.911,1.998,0.021,0.948,1.002,0.888,0.099,0.0,2.0,0.0,1.072,0.996,0.0,0.0,0.008,1.022,0.945,0.991,0.0,1.161,0.0,0.108,0.0,0.018,1.908,0.0,0.015,0.111,0.016,1.097,0.045,0.114,0.996,0.167,0.0,0.946,0.0,1.163,0.057,0.0
sample_61,0.087,0.048,0.138,0.0,0.981,0.968,0.0,0.074,0.981,1.052,1.165,0.0,0.971,0.008,0.069,0.0,0.0,1.074,0.027,1.857,0.0,0.105,0.028,0.0,0.988,1.001,2.0,0.0,0.941,0.019,0.0,0.04,0.0,1.025,1.076,0.034,0.01,0.0,0.0,0.0,0.088,0.0,0.938,0.0,1.014,0.0,1.034,1.037,1.062,0.1
sample_62,0.07,0.0,0.0,0.0,0.0,0.0,0.969,0.0,0.953,0.978,0.082,1.014,1.173,1.012,0.98,0.0,1.018,0.03,0.145,0.0,1.06,0.015,0.89,0.054,0.089,0.94,0.0,0.0,0.0,0.073,0.0,0.922,1.016,0.963,1.967,0.052,0.919,1.937,0.011,2.0,0.087,0.953,1.066,0.0,0.128,0.0,0.093,0.0,2.0,2.0
sample_63,0.0,0.0,0.055,0.074,0.995,0.003,0.053,1.009,0.909,0.0,1.016,0.085,1.113,1.055,1.02,1.052,0.0,0.0,0.0,0.0,0.023,0.013,0.048,0.038,1.017,1.039,0.997,0.029,0.0,0.026,0.047,0.0,0.004,1.956,0.963,0.0,1.089,1.075,0.038,0.138,0.0,1.212,0.984,0.018,0.972,1.026,0.058,0.0,0.124,0.017
sample_64,0.019,0.0,0.029,0.0,0.0,0.0,1.187,0.0,0.898,0.951,0.0,2.0,0.039,1.047,1.955,0.024,0.939,0.0,0.936,0.0,0.074,0.048,0.068,1.003,0.054,1.877,1.06,0.012,0.044,0.027,0.0,0.0,1.95,0.04,0.048,0.0,0.931,0.0,0.975,0.0,0.9,0.0,0.006,0.917,0.0,1.074,0.0,0.0,0.072,1.971
sample_65,0.0,0.081,0.0,0.077,0.03,0.0,0.034,1.022,1.071,1.962,1.003,1.996,1.049,0.928,0.071,1.033,0.0,1.085,0.156,0.07,0.1,1.006,0.0,0.0,1.018,0.0,0.0,0.0,1.043,0.0,0.0,1.106,0.0,0.061,0.966,0.038,0.077,0.052,0.064,0.919,0.078,0.94,0.018,1.018,1.034,0.024,0.0,0.0,0.061,1.013
sample_66,0.08,0.0,0.0,1.068,0.0,1.024,0.0,0.115,0.939,0.976,0.008,0.0,1.023,1.113,0.966,1.028,0.0,1.997,0.978,0.0,0.076,0.977,0.988,0.0,1.866,0.0,1.067,0.0,0.946,0.972,0.122,1.054,0.0,1.091,0.0,1.071,0.0,1.075,0.0,0.928,0.0,0.019,0.0,0.039,0.0,1.043,0.031,0.996,0.0,2.0
sample_67,0.039,0.144,0.066,0.068,0.216,0.036,0.034,1.049,0.0,0.0,0.0,1.045,0.0,0.01,0.076,0.06,0.989,0.953,1.079,0.054,0.0,0.978,1.012,0.055,1.064,0.02,1.041,1.004,0.0,0.0,0.001,0.0,0.868,0.972,1.004,0.0,1.983,0.034,0.0,0.886,0.0,0.053,0.118,0.055,0.0,0.984,0.018,1.012,0.038,0.0
sample_68,0.005,0.029,0.058,0.0,0.0,0.0,0.0,0.963,0.929,1.012,0.996,0.0,1.015,0.0,1.034,0.0,0.002,0.98,0.021,0.009,0.982,0.0,0.897,0.0,0.0,0.0,0.044,0.98,0.932,0.981,0.016,0.023,0.131,1.953,0.0,0.03,0.0,0.965,0.0,0.964,0.0,0.879,0.944,0.927,0.041,0.042,0.0,0.0,0.0,0.0
sample_69,0.028,0.058,0.0,0.074,0.0,0.0,0.05,0.117,1.035,0.0,0.0,0.0,1.009,0.975,0.0,0.005,1.008,1.066,1.01,1.086,0.001,0.0,1.075,0.932,0.197,1.026,0.027,1.037,0.131,0.055,0.888,0.098,0.0,1.008,0.91,0.037,0.954,1.007,0.0,1.135,0.139,0.003,0.004,0.0,1.077,1.977,0.0,0.069,0.0,0.997
sample_70,0.0,1.049,0.136,0.05,1.102,0.0,0.017,0.934,1.984,2.0,1.007,0.901,0.908,0.0,0.034,0.144,0.095,1.867,0.099,0.066,0.0,1.979,0.077,0.039,0.0,0.043,0.0,0.0,1.08,1.001,0.965,0.062,1.068,0.092,1.061,0.076,0.051,1.019,0.006,1.983,0.915,1.933,1.98,1.017,0.101,0.0,1.07,0.076,0.0,1.042
sample_71,0.0,0.093,0.045,0.0,0.011,0.115,0.0,0.031,1.038,1.927,0.036,0.0,0.956,2.0,2.0,0.0,0.031,0.996,0.001,0.046,0.0,0.003,0.978,0.0,0.936,1.11,0.027,0.907,0.892,0.992,0.109,0.0,0.091,0.025,1.033,0.0,0.066,0.977,0.06,0.0,1.012,1.025,0.0,1.028,0.981,0.955,0.112,0.073,0.0,0.04
sample_72,0.0,0.0,0.072,0.0,0.065,0.982,0.0,1.029,1.041,0.942,1.05,0.008,0.0,0.0,1.097,1.117,0.05,0.0,0.034,1.06,0.051,0.055,0.025,0.0,0.0,0.0,0.024,0.013,1.039,0.0,1.045,0.144,1.005,0.996,0.022,0.142,0.0,1.014,0.0,1.962,0.0,2.0,0.126,1.031,0.0,0.174,0.0,0.0,0.0,2.0
sample_73,0.068,0.169,0.0,0.102,0.005,0.056,0.885,1.103,2.0,1.997,1.045,0.946,0.959,0.0,0.87,0.06,2.0,0.0,0.024,0.0,1.023,0.956,1.938,1.074,0.996,1.142,2.0,0.935,0.086,0.044,1.051,0.083,0.0,0.991,1.988,0.91,1.982,2.0,0.017,0.0,0.0,1.117,0.0,0.0,0.981,1.897,1.1,0.972,0.096,1.004
sample_74,0.1,0.018,0.06,0.05,0.044,0.024,0.0,1.134,0.0,2.0,0.001,0.028,0.0,1.022,0.0,0.0,1.001,0.923,0.0,1.01,0.034,0.037,0.04,0.0,0.0,0.138,0.927,1.043,0.0,0.006,0.0,0.039,0.01,0.969,0.0,0.019,0.915,2.0,0.184,1.095,1.05,0.0,0.0,0.0,1.09,0.0,0.0,0.0,1.926,0.914
sample_75,0.0,0.0,0.0,0.0,1.037,0.984,0.0,1.042,0.0,0.981,0.033,1.047,0.0,0.006,0.0,0.0,1.054,0.031,0.032,0.02,1.003,0.049,1.065,0.064,0.0,0.097,0.016,1.044,0.02,0.017,0.948,0.049,1.199,0.974,0.005,0.0,0.0,1.108,0.0,0.0,0.0,0.0,0.0,1.044,0.196,0.974,1.883,1.063,0.0,0.091
sample_76,0.0,0.0,0.0,2.0,0.0,0.0,0.0,0.911,0.028,0.0,0.0,1.053,1.021,0.041,0.0,1.082,1.065,0.031,1.065,0.053,0.0,0.0,1.029,0.038,0.076,0.0,0.937,0.032,0.0,0.0,1.026,0.0,0.0,0.095,0.128,0.0,0.0,0.003,1.125,0.965,0.967,0.108,0.0,1.051,0.0,0.0,0.884,0.926,1.059,0.997
sample_77,0.0,0.0,0.0,0.021,0.069,0.0,0.0,1.011,0.0,1.028,0.019,0.0,1.963,0.0,1.08,0.0,0.996,2.0,0.109,0.979,0.067,1.086,0.996,0.985,0.0,0.0,1.06,1.016,0.016,0.921,0.0,0.15,1.988,0.946,2.0,0.02,0.04,0.0,0.0,1.988,0.0,0.0,0.021,1.13,0.006,0.837,0.0,1.192,0.061,0.943
sample_78,0.041,0.0,0.0,0.976,0.006,0.0,0.0,1.001,0.0,1.028,0.915,0.05,1.917,0.115,0.0,0.0,0.029,2.0,0.022,0.039,1.001,0.0,0.0,0.0,0.0,2.0,0.0,0.022,0.0,0.021,0.0,1.098,1.023,1.087,1.947,0.004,0.0,0.0,0.0,0.949,0.0,0.0,0.0,0.0,0.044,0.0,0.0,2.0,0.955,0.022
sample_79,0.045,0.046,0.0,0.0,0.0,0.171,0.0,0.0,0.0,0.895,2.0,1.17,0.0,0.0,0.843,0.0,0.0,0.0,0.015,0.028,0.023,0.0,0.923,0.047,0.001,1.062,1.055,1.9,0.0,0.0,0.926,0.053,1.025,0.077,1.028,0.015,1.084,1.033,0.005,1.104,0.008,0.0,0.0,1.049,0.087,0.0,0.092,0.862,0.0,1.997
sample_80,0.0,0.167,0.0,0.0,0.002,0.0,0.0,0.069,0.0,0.942,1.092,0.094,1.036,0.0,0.0,0.0,0.0,0.0,0.957,0.0,0.0,0.015,0.016,1.119,0.0,1.021,0.022,0.982,0.052,0.054,1.023,0.0,0.0,0.904,1.944,0.0,0.0,0.031,1.084,0.936,0.02,1.928,0.0,0.0,1.042,0.952,0.071,0.983,0.0,0.0
sample_81,0.018,0.063,1.019,0.157,0.1,0.0,0.978,1.033,0.0,2.0,1.025,0.018,0.048,0.121,0.012,0.0,0.106,0.068,0.0,0.0,1.014,0.025,1.905,0.0,0.0,0.932,0.955,0.044,0.988,1.014,0.0,0.0,1.041,0.042,0.0,0.011,1.154,0.0,0.0,0.988,0.006,0.0,0.0,0.0,0.0,0.0,0.0,0.0,0.0,0.004
sample_82,0.062,0.0,0.028,0.0,0.04,0.026,1.061,0.05,0.041,1.993,0.017,1.074,0.954,0.0,1.013,0.029,0.0,1.995,0.0,0.845,0.0,0.0,0.0,0.099,0.915,0.0,0.0,0.966,0.0,0.0,0.078,0.06,2.0,0.974,2.0,0.0,0.0,0.0,0.0,2.0,0.159,1.004,0.0,0.0,1.039,1.876,0.039,0.057,1.031,0.0
sample_83,0.04,0.012,0.0,0.13,0.0,0.054,1.831,0.089,0.103,0.002,0.039,0.039,0.955,1.038,0.943,0.957,0.079,0.068,0.0,0.0,0.0,0.051,0.0,0.025,0.052,0.0,1.071,0.0,0.0,0.932,0.071,0.0,1.024,0.0,0.0,0.0,1.097,0.014,0.0,1.021,0.0,2.0,0.02,0.973,1.099,0.0,0.007,0.14,0.0,0.879
sample_84,0.972,0.102,1.026,0.0,0.0,0.0,0.025,1.094,1.074,1.032,0.0,0.0,1.037,0.0,1.984,0.021,0.92,0.928,0.993,0.035,1.074,0.042,0.005,1.948,0.0,0.0,1.029,0.024,0.853,0.0,0.084,0.006,0.901,1.165,0.0,0.027,0.028,0.974,0.0,0.149,1.07,1.058,0.04,0.0,0.089,0.941,0.02,0.885,0.0,1.022
sample_85,0.0,0.0,0.038,0.148,0.097,0.0,0.001,1.062,1.079,0.976,2.0,2.0,0.039,0.991,0.992,0.097,0.085,1.033,0.12,0.0,1.114,1.038,0.229,0.0,0.0,0.029,1.028,1.137,1.953,0.063,0.081,1.049,0.933,0.099,0.086,0.042,0.014,1.016,0.0,0.045,0.002,0.0,0.0,0.0,0.016,0.998,0.015,1.035,0.0,0.103
sample_86,0.0,0.0,0.034,0.871,0.0,1.069,0.878,1.078,1.106,1.974,2.0,1.078,0.0,0.061,1.953,0.0,0.0,0.024,0.081,0.0,0.0,0.0,0.028,1.129,0.028,0.973,0.054,0.983,0.974,0.0,0.099,0.0,0.056,0.0,0.971,0.118,1.95,0.952,0.0,0.029,0.0,0.0,0.0,1.09,0.005,0.032,0.982,0.0,1.117,0.0
sample_87,0.0,0.077,0.0,0.0,0.001,0.0,1.018,0.146,0.024,1.834,0.023,2.0,0.003,1.017,0.0,0.0,0.043,0.962,0.0,0.212,0.95,0.007,0.895,0.008,0.935,0.969,1.073,0.033,0.04,0.0,0.129,0.917,1.107,1.072,1.04,0.0,0.011,0.0,1.002,0.0,0.0,0.079,0.0,0.0,0.961,0.025,0.0,0.842,0.028,0.036
sample_88,0.0,0.0,0.006,0.0,0.0,0.947,0.059,1.975,1.969,0.137,1.025,0.024,0.0,0.958,0.847,0.068,0.031,0.0,0.0,0.052,0.0,0.959,0.92,1.124,1.061,0.0,0.0,0.0,0.967,0.0,0.136,0.022,1.033,0.952,1.051,0.0,0.98,1.043,0.0,1.112,0.013,0.09,0.925,0.935,0.0,1.018,0.005,0.967,0.0,0.0
sample_89,0.0,0.967,0.0,0.108,0.0,0.089,0.0,0.017,0.996,0.881,0.1,0.0,0.052,0.947,0.988,0.0,0.087,1.022,0.026,0.095,0.081,0.054,0.9,1.951,0.0,2.0,1.012,0.0,0.987,0.0,0.0,0.0,1.037,0.026,2.0,0.059,0.97,0.057,0.0,0.0,0.023,0.0,0.0,0.0,0.007,0.925,1.03,1.001,0.098,1.0
sample_90,0.0,0.0,0.0,0.028,0.041,1.173,0.0,1.981,0.96,1.015,1.027,0.996,1.076,0.0,1.069,1.038,0.0,1.978,1.17,0.0,1.021,0.947,2.0,0.062,0.953,0.036,0.018,0.0,0.053,1.027,1.015,0.997,0.03,0.016,1.004,0.955,0.119,0.926,0.03,0.0,0.123,0.937,0.949,0.0,2.0,1.904,0.0,0.849,0.017,0.0
sample_91,0.0,0.076,0.0,0.056,0.0,0.112,0.052,0.929,0.936,0.042,0.982,0.0,0.089,0.948,0.006,0.067,1.057,0.0,0.98,0.0,0.0,0.022,0.0,1.005,0.073,1.917,0.983,0.013,0.951,1.1,0.064,1.02,1.126,0.0,0.0,1.026,0.0,0.021,0.0,0.048,0.074,0.019,0.0,1.932,0.04,0.001,0.0,2.0,1.01,0.0
sample_92,0.07,0.0,0.952,0.025,0.125,0.114,1.025,1.032,0.055,0.912,1.045,0.0,0.022,0.0,1.035,0.008,0.785,0.013,1.045,0.031,0.0,0.115,0.022,1.031,0.073,1.025,1.937,0.829,0.0,1.053,1.975,0.056,0.01,1.09,0.979,0.033,0.035,0.105,0.0,0.968,0.059,1.108,0.017,0.98,1.053,1.061,0.0,0.023,0.083,1.132
sample_93,0.052,0.003,0.0,0.039,0.0,1.013,0.926,0.091,1.92,0.97,0.007,0.139,0.97,0.0,0.961,0.116,0.0,0.93,1.191,0.041,0.0,0.997,0.005,1.059,0.129,0.027,0.0,0.055,0.951,1.928,0.0,0.0,0.937,0.918,1.022,0.916,0.0,0.0,0.967,0.958,0.106,1.957,1.062,0.0,0.0,0.0,0.0,0.0,0.012,0.983
sample_94,0.0,0.069,0.03,0.0,0.01,0.994,0.0,0.005,1.957,0.934,0.0,1.975,0.04,0.0,0.176,1.062,0.091,1.056,0.13,0.0,0.0,0.0,0.039,1.011,1.019,0.092,1.027,0.056,0.0,0.0,1.113,0.007,0.956,0.957,0.955,0.0,0.0,0.0,1.986,0.0,0.078,0.021,0.019,0.948,0.0,0.025,0.05,0.0,1.076,1.001
sample_95,0.055,0.0,0.0,0.019,0.051,0.04,1.03,0.976,0.944,1.039,0.03,0.961,0.078,1.938,0.0,1.115,0.061,0.0,0.02,0.011,0.0,0.0,0.0,0.0,0.017,0.079,0.0,0.0,1.023,0.977,0.0,0.0,0.157,0.843,0.973,0.0,0.0,2.0,0.057,1.997,0.0,0.0,0.993,0.0,0.987,1.018,0.053,0.0,0.926,0.0
sample_96,0.061,0.018,0.035,0.0,0.125,0.0,0.012,1.06,0.931,0.962,1.013,0.2,0.021,1.112,0.084,0.026,0.0,0.074,0.895,0.112,0.014,1.814,0.976,0.046,0.983,1.05,0.0,0.0,0.995,0.002,0.0,0.086,0.0,1.022,1.005,0.0,0.0,0.001,0.139,0.041,0.879,0.782,0.051,0.0,0.08,0.0,0.025,0.059,0.0,0.0
sample_97,0.002,0.038,0.0,0.068,0.0,0.907,0.138,0.958,0.96,0.0,1.005,1.973,0.0,1.997,0.012,0.0,2.0,0.0,0.041,0.0,0.967,0.953,0.103,0.0,0.053,0.0,0.0,1.983,2.0,0.0,1.908,0.0,0.0,0.943,0.0,0.0,0.0,0.0,0.084,2.0,1.013,0.0,0.0,0.0,0.997,1.061,0.063,1.044,0.948,1.002
sample_98,0.0,0.0,0.143,0.0,0.0,0.085,0.0,0.0,0.963,0.984,0.0,2.0,0.047,1.036,1.939,1.006,1.937,0.0,1.151,1.007,0.0,0.013,0.0,0.916,0.0,1.969,1.066,0.04,0.037,0.0,0.962,0.019,0.0,0.0,1.031,0.0,0.016,1.111,0.0,1.083,1.039,0.897,0.923,0.0,0.0,0.0,1.043,1.088,0.022,0.0
sample_99,0.0,0.005,0.002,0.013,0.147,1.087,0.055,0.933,0.964,1.993,0.0,1.035,0.025,0.924,0.084,0.007,0.0,0.996,0.02,2.0,0.0,0.058,0.013,0.908,0.0,0.079,1.084,0.023,1.105,1.074,0.048,0.0,0.121,1.038,1.973,0.0,0.018,0.883,0.049,0.0,1.026,0.0,0.0,0.947,0.989,1.132,0.097,1.025,0.0,0.059
sample_100,0.079,0.0,0.0,0.0,0.079,0.145,0.006,0.851,1.043,0.937,0.0,1.044,0.018,0.0,1.955,0.009,0.0,0.922,0.0,0.024,0.0,0.0,0.069,0.0,0.969,0.0,0.01,1.039,1.079,1.95,0.041,1.014,0.0,2.0,0.0,0.029,0.027,0.019,0.965,1.058,0.0,0.995,0.0,0.953,0.03,2.0,0.976,0.055,2.0,0.938
sample_101,0.0,0.0,0.0,0.03,0.016,0.0,0.0,1.03,0.943,1.021,0.055,0.911,0.901,0.117,0.025,0.971,0.0,0.0,0.917,0.062,0.0,1.077,0.0,0.0,0.97,0.0,0.992,0.0,1.058,0.868,0.081,0.057,0.088,0.996,2.0,0.0,0.05,0.946,0.884,0.921,0.0,0.0,0.026,1.873,0.0,1.096,0.063,0.0,2.0,2.0
sample_102,0.029,0.01,0.077,0.0,0.002,0.0,0.0,0.0,0.005,1.002,0.0,0.056,0.932,1.985,0.979,0.025,0.0,1.062,0.0,0.085,0.0,0.997,0.134,0.981,1.087,2.0,1.029,0.005,1.059,0.0,0.0,0.955,0.007,1.985,1.05,0.091,0.0,0.949,0.0,1.142,0.021,0.034,0.0,1.0,0.036,0.982,0.075,0.162,0.0,0.0
sample_103,0.0,0.112,0.073,0.0,0.003,0.943,0.062,0.0,1.982,2.0,0.987,0.0,1.001,1.056,0.115,0.041,1.056,0.0,0.0,1.046,0.012,0.0,0.0,0.0,0.964,0.104,2.0,0.096,0.018,1.006,0.0,0.001,0.001,0.904,0.0,0.0,0.029,0.032,0.0,2.0,0.0,0.799,0.0,0.076,0.0,1.008,1.111,0.0,0.0,0.0
sample_104,0.114,0.0,0.003,0.095,0.046,0.0,0.0,0.035,0.956,0.852,0.0,0.0,0.113,0.012,0.937,0.951,0.868,1.923,0.071,0.156,1.051,0.0,0.0,0.0,0.144,0.0,1.148,0.098,0.0,0.0,0.0,0.994,0.0,2.0,1.925,0.016,0.043,0.0,0.008,0.0,1.007,0.036,0.023,1.04,0.099,1.066,0.005,0.0,0.0,1.985
sample_105,0.018,0.0,0.0,0.0,0.0,0.0,0.0,0.93,0.0,0.906,1.027,0.052,0.962,1.969,0.038,0.0,0.0,0.084,1.062,0.042,1.065,0.0,0.095,2.0,0.071,0.027,0.003,0.0,0.026,0.0,0.061,0.889,1.962,0.143,0.956,0.0,0.0,0.024,0.0,0.0,0.059,0.0,1.055,2.0,0.074,0.01,0.227,0.074,0.023,0.0
sample_106,0.0,0.1,0.12,0.103,0.055,0.0,0.034,0.0,0.0,1.017,0.037,2.0,0.035,2.0,1.931,0.0,0.0,0.0,0.052,0.0,1.061,0.078,0.0,1.041,0.0,0.0,0.009,0.967,0.0,0.138,0.0,0.027,0.0,0.064,0.021,1.027,0.934,0.946,0.065,0.124,0.034,0.0,1.024,1.17,0.007,0.102,0.0,0.0,0.043,1.028
sample_107,0.0,0.0,0.069,0.083,0.106,0.126,1.009,0.978,0.095,0.05,0.0,0.0,0.034,0.0,0.998,0.075,0.053,2.0,0.0,0.018,1.049,0.0,0.0,0.0,0.002,1.114,0.142,0.0,1.037,0.039,1.027,0.028,0.021,2.0,0.077,0.0,0.056,0.062,0.022,0.079,0.013,0.014,0.008,0.859,0.0,0.0,0.0,1.1,0.035,1.998
sample_108,0.0,0.021,0.069,0.0,0.0,1.061,0.0,1.996,0.97,0.991,0.965,0.01,0.135,0.977,0.02,1.14,0.0,0.127,0.0,0.125,2.0,0.021,0.995,0.0,1.005,1.063,0.0,0.978,1.982,0.069,0.086,0.0,0.953,1.027,0.107,0.08,0.0,0.0,0.0,0.0,0.112,0.9,1.887,0.942,0.02,1.043,0.031,0.082,0.877,2.0
sample_109,0.0,0.051,0.0,0.0,0.017,1.081,0.0,0.002,0.0,1.035,1.054,2.0,0.0,0.065,1.095,0.0,1.043,1.067,0.0,0.0,0.066,0.0,0.988,0.997,0.05,0.0,0.0,1.007,1.07,1.16,0.0,0.022,0.924,0.071,0.934,0.0,0.959,0.995,0.023,2.0,0.0,0.907,0.051,0.0,0.081,0.95,0.0,1.998,1.091,1.011
sample_110,0.0,0.0,0.123,0.928,0.0,0.04,0.87,0.089,1.044,2.0,1.039,0.0,0.0,0.99,1.932,2.0,0.056,0.103,0.026,0.065,0.0,0.967,1.033,0.973,0.019,0.0,0.0,0.044,1.062,0.0,0.047,0.963,0.001,0.099,1.057,0.056,1.134,0.951,0.0,0.0,0.0,0.835,0.0,0.962,0.055,0.025,0.0,0.041,0.051,0.0
sample_111,0.0,0.0,0.0,0.0,0.005,0.0,0.0,0.0,2.0,1.03,0.028,0.001,0.0,0.957,0.971,0.0,0.005,1.1,0.057,0.0,1.047,1.045,0.0,0.059,0.0,0.0,1.032,0.015,0.984,0.997,0.0,0.043,0.0,0.012,2.0,0.0,0.0,0.0,0.04,0.915,0.009,1.026,1.042,0.916,1.995,0.117,1.12,2.0,0.024,0.0
sample_112,0.05,0.0,0.039,0.0,0.0,0.011,1.017,1.035,0.0,0.906,1.114,0.174,1.031,0.0,0.0,0.036,1.094,0.915,0.0,2.0,0.061,0.0,0.0,1.043,0.079,0.0,1.028,0.0,0.0,1.072,0.027,0.034,2.0,0.0,0.0,1.011,0.0,1.055,0.0,0.931,2.0,0.012,1.065,2.0,0.032,2.0,0.0,0.0,0.02,0.977
sample_113,0.118,0.094,0.044,1.026,0.994,0.0,0.0,1.007,2.0,1.033,2.0,1.952,0.0,0.102,0.054,0.973,0.0,1.993,0.002,1.033,0.177,1.013,0.046,0.882,0.966,1.086,0.028,0.0,1.047,0.134,0.0,0.106,0.806,0.066,0.0,0.0,0.031,0.081,0.025,2.0,0.0,0.0,1.048,0.122,0.079,0.861,0.0,0.941,0.0,2.0
sample_114,0.028,0.0,0.054,0.042,0.0,0.0,0.0,0.977,0.001,1.012,1.027,0.017,0.981,0.02,0.07,0.0,1.022,0.0,0.0,1.037,0.0,0.027,0.002,0.0,0.977,0.0,0.0,1.027,0.016,1.059,0.963,0.133,1.973,0.0,0.0,0.0,0.107,0.096,0.042,1.937,0.127,0.975,0.0,0.101,0.046,1.154,2.0,0.0,0.0,0.871
sample_115,0.0,0.08,0.042,0.001,0.93,0.016,0.071,2.0,2.0,0.944,0.061,0.781,0.027,0.18,0.894,0.983,0.0,0.0,0.073,0.033,1.011,1.056,1.001,0.223,0.011,1.014,0.0,0.0,1.08,0.0,0.849,1.002,0.096,1.003,0.976,0.0,2.0,0.046,0.0,1.079,0.054,1.079,0.041,1.046,1.036,0.061,0.0,0.895,0.948,0.991
sample_116,0.027,1.023,0.078,0.08,0.0,0.017,0.941,0.0,0.023,0.0,0.169,1.04,0.958,0.135,0.0,1.009,0.0,1.116,0.0,2.0,0.084,0.041,0.0,1.078,1.178,0.022,0.008,0.012,0.092,0.0,0.981,0.0,0.0,0.0,1.996,0.124,0.038,0.936,0.0,2.0,0.079,0.002,0.969,0.079,0.0,0.027,0.159,0.014,0.0,1.029
sample_117,0.0,0.0,0.049,0.078,0.0,0.0,0.0,0.99,0.961,0.0,0.132,0.033,0.04,1.062,1.054,0.0,0.019,0.0,1.031,2.0,0.0,0.0,1.01,0.986,0.868,2.0,0.068,2.0,0.0,0.0,0.922,1.015,0.014,0.943,0.988,0.0,1.065,0.0,0.0,0.9,0.0,0.0,0.0,1.034,1.101,0.051,0.067,0.101,1.04,0.997
sample_118,0.071,0.075,0.045,0.0,0.0,0.0,0.055,0.999,0.08,2.0,0.084,0.084,0.0,0.034,0.0,0.0,0.0,0.093,1.032,0.141,1.012,0.171,0.012,0.002,0.91,0.078,0.0,0.0,0.09,1.081,0.079,0.975,0.996,0.996,0.055,0.109,0.026,1.138,0.063,1.984,1.058,0.119,1.14,0.083,0.002,0.0,0.04,1.117,1.03,1.032
sample_119,0.004,0.0,0.0,0.009,0.12,0.0,1.004,0.0,1.05,2.0,1.114,2.0,1.04,0.0,0.037,2.0,1.004,1.01,1.032,0.0,0.983,0.12,0.19,0.0,0.0,0.0,0.0,0.063,0.041,0.012,0.037,0.0,0.983,0.0,1.889,0.0,1.921,1.053,0.017,1.043,0.0,0.896,0.046,0.0,0.086,0.0,0.059,0.0,0.073,1.225
sample_120,0.0,0.049,0.0,0.03,0.0,0.009,0.0,1.055,0.899,2.0,0.0,0.0,1.112,0.995,2.0,0.085,0.944,0.994,0.008,0.107,1.031,0.012,0.0,0.0,1.091,0.0,0.972,0.0,1.961,0.0,0.0,0.105,1.986,1.049,0.826,0.04,0.0,0.0,1.013,0.0,0.851,1.065,1.017,0.0,0.932,0.897,0.016,0.113,0.014,0.903
sample_121,0.016,0.0,0.06,0.042,0.0,0.038,0.93,0.0,0.987,1.029,0.0,1.049,1.053,0.003,0.939,0.0,1.072,0.0,0.075,0.0,0.0,0.88,0.0,0.043,0.0,0.035,1.006,0.955,0.06,0.0,2.0,1.113,0.101,0.027,0.0,0.0,0.0,1.038,0.0,1.053,0.149,0.0,0.0,0.0,0.054,0.0,0.061,0.0,1.058,0.0
sample_122,0.0,0.0,0.0,0.139,0.993,1.045,0.962,0.926,0.984,2.0,1.964,0.0,0.011,1.035,1.115,2.0,0.045,1.05,0.919,0.933,0.0,0.0,0.056,1.02,0.006,0.0,0.144,0.0,1.144,0.0,0.0,0.0,0.025,0.0,0.925,0.0,0.054,0.05,0.127,0.952,0.015,0.91,0.0,0.0,0.033,0.071,0.069,0.941,1.07,0.997
sample_123,0.0,0.0,1.961,0.122,0.022,1.012,0.982,0.171,0.091,0.0,1.981,1.985,0.01,0.951,1.031,1.102,0.0,0.0,0.0,0.0,1.14,0.07,0.066,0.0,0.0,0.898,0.055,0.034,2.0,0.0,0.0,0.012,0.062,0.0,0.052,0.0,0.0,1.854,0.0,0.101,0.117,0.025,0.137,0.0,1.067,0.0,0.0,0.0,0.856,1.09
sample_124,0.0,0.0,0.0,0.0,0.123,0.147,0.884,0.0,0.0,1.069,0.02,0.0,0.005,0.0,2.0,1.038,1.047,1.813,0.0,1.146,0.093,0.871,0.0,0.916,0.12,0.017,0.0,0.002,0.0,0.0,0.003,0.059,0.0,0.0,0.071,0.0,0.016,1.005,0.12,0.0,0.0,0.06,0.907,0.0,0.0,0.99,0.059,0.039,0.0,0.01
sample_125,0.104,0.0,0.01,0.986,0.0,0.0,1.099,0.946,0.072,1.957,0.0,1.085,1.07,1.015,0.053,0.0,0.0,1.954,0.063,0.0,0.104,0.978,0.001,0.053,0.002,0.979,1.998,0.063,0.954,0.0,0.001,0.061,0.0,0.127,0.0,0.983,0.988,0.0,0.927,0.963,0.08,0.998,0.966,0.086,1.109,1.088,0.0,0.0,0.127,1.017
sample_126,0.0,0.05,0.071,0.0,0.015,1.065,1.919,1.001,0.922,0.931,0.0,1.033,0.0,1.955,1.004,0.92,0.03,0.079,0.0,0.0,0.026,0.0,1.038,0.217,0.991,1.992,0.052,0.115,0.068,0.0,0.039,1.18,1.044,0.919,1.02,0.0,0.086,0.0,0.005,1.94,0.0,0.104,0.007,0.0,0.0,0.869,0.0,1.008,0.069,0.961
sample_127,1.11,0.0,0.0,0.0,0.069,0.147,0.0,0.976,1.089,0.0,0.04,0.086,0.005,1.039,1.123,0.136,0.0,1.963,0.0,1.068,0.0,0.0,1.007,0.965,1.02,1.18,0.0,0.0,0.071,1.017,0.101,0.012,1.983,0.875,0.887,0.0,1.027,0.0,0.088,0.002,0.0,0.0,0.044,0.0,0.931,0.083,0.025,0.984,2.0,2.0
sample_128,0.027,0.943,1.145,0.0,0.109,0.0,0.056,1.051,1.08,0.941,0.075,0.129,0.0,1.002,0.0,0.0,0.12,0.0,0.0,1.113,0.044,1.148,0.968,0.009,0.0,0.01,0.876,0.048,0.023,0.0,0.0,0.0,2.0,0.918,0.036,0.145,0.104,0.0,0.0,1.03,0.0,1.902,0.027,0.0,1.134,0.0,0.082,0.0,0.928,0.051
sample_129,0.076,0.0,0.002,0.0,0.0,0.059,0.97,0.0,0.921,1.955,1.123,0.005,0.0,0.0,0.888,0.0,0.095,0.0,2.0,0.0,0.997,0.045,0.0,1.014,0.997,0.104,1.068,0.921,2.0,0.0,0.0,1.014,0.0,1.108,0.024,0.014,0.063,0.077,0.055,1.099,1.043,1.012,0.087,0.994,0.002,0.121,1.114,0.0,0.968,1.102
sample_130,0.056,0.022,0.0,0.023,0.0,0.0,0.009,2.0,0.0,0.063,1.09,1.068,0.0,0.053,2.0,0.913,0.047,2.0,1.182,0.102,0.05,0.017,0.011,0.0,0.878,0.0,1.997,0.0,0.0,0.983,0.0,0.954,1.976,0.121,1.046,0.0,1.995,0.0,0.946,1.946,0.071,0.971,0.0,0.0,1.008,0.0,0.997,0.061,0.032,0.156
sample_131,0.088,0.101,0.196,0.053,0.011,0.068,0.0,1.008,1.955,1.028,0.0,0.952,0.029,1.99,1.865,0.0,0.92,0.0,1.029,0.015,0.075,1.053,0.075,0.043,0.015,0.077,0.064,0.026,1.089,0.836,0.98,0.0,1.081,0.11,1.898,0.099,0.0,0.92,0.0,1.978,0.891,0.045,0.048,0.074,0.0,1.997,0.998,0.118,0.802,1.933
sample_132,0.0,0.0,0.0,0.0,0.0,1.005,0.044,0.0,0.968,0.988,0.0,0.878,0.032,0.0,0.088,0.041,0.082,0.0,0.974,0.0,0.0,1.088,0.104,0.92,0.0,0.0,0.041,0.877,0.0,1.034,0.0,0.969,0.011,0.029,0.99,0.0,0.059,0.02,0.0,1.003,0.027,0.12,0.055,1.085,0.0,1.963,0.0,0.0,0.0,0.089
sample_133,0.062,0.0,0.045,0.016,0.05,0.0,0.99,1.996,2.0,0.956,0.825,0.0,0.0,0.004,1.118,1.041,1.006,0.0,0.077,0.0,0.0,0.924,0.099,1.027,0.0,0.992,0.036,0.982,0.963,0.954,0.024,0.0,0.968,1.906,0.005,0.0,0.0,1.014,1.052,1.049,0.039,1.983,0.0,0.0,0.0,1.001,0.0,0.007,0.0,0.884
sample_134,0.057,0.0,0.0,0.923,0.03,0.096,0.0,0.0,1.075,0.0,0.138,1.171,0.811,1.993,0.0,0.981,0.0,1.057,0.992,0.0,0.0,1.036,0.0,0.0,0.139,0.955,0.99,0.0,0.038,0.124,0.041,0.894,0.0,0.972,0.0,0.0,0.057,0.924,1.105,0.127,0.0,1.031,0.914,2.0,0.0,1.924,0.0,0.0,0.0,1.066
sample_135,0.0,0.121,0.0,0.113,0.0,0.0,0.966,0.976,1.056,1.105,0.083,0.972,0.013,0.0,0.0,0.0,0.0,0.017,0.0,0.997,0.106,0.079,0.0,0.0,0.032,0.838,0.078,0.0,1.128,0.879,1.064,0.0,0.0,0.0,0.042,1.047,1.125,0.071,0.0,0.93,0.0,1.103,0.946,1.104,1.037,1.023,0.0,2.0,0.999,0.0
sample_136,0.049,0.99,0.0,0.042,0.0,1.034,0.0,0.915,2.0,1.108,0.062,1.973,0.0,1.097,0.0,0.0,1.131,0.997,0.124,0.902,1.036,0.145,0.002,0.0,0.918,1.076,0.0,0.0,0.914,0.109,0.081,0.0,0.0,0.108,0.0,0.0,0.0,0.955,0.0,0.956,0.052,0.0,0.025,0.0,0.005,0.134,0.0,0.027,0.89,2.0
sample_137,0.0,0.074,0.0,0.043,0.047,0.0,0.076,0.947,1.054,0.973,0.024,0.0,0.003,0.925,0.017,1.003,0.0,0.0,1.009,0.957,0.0,0.0,1.164,0.074,0.019,0.082,0.861,0.0,0.0,0.0,0.983,1.014,0.064,0.92,1.028,0.001,0.024,0.0,0.097,1.993,0.124,0.0,0.052,0.0,0.977,2.0,0.0,0.814,0.0,1.089
sample_138,0.086,0.132,0.0,0.0,0.0,0.001,0.93,1.115,2.0,0.033,0.999,0.909,0.108,1.005,0.98,1.034,1.959,0.01,0.899,1.076,0.0,0.081,0.986,0.99,0.915,0.053,0.939,0.0,2.0,0.008,0.0,0.0,1.056,0.974,0.984,0.011,0.991,0.0,0.0,1.07,0.0,1.974,0.903,0.066,0.0,0.0,0.006,0.0,0.928,0.0
sample_139,0.0,0.095,0.0,0.033,0.0,0.053,0.0,0.003,2.0,0.163,2.0,0.0,0.048,0.15,0.886,0.0,0.0,0.971,0.977,0.0,0.098,0.9,0.0,0.073,0.0,0.0,0.0,0.0,0.947,0.014,0.902,2.0,0.008,1.013,1.101,0.0,0.0,0.962,0.987,0.0,0.0,0.858,0.961,0.025,0.01,1.084,0.137,0.053,0.097,0.054
sample_140,0.12,0.13,1.067,0.049,0.0,0.997,0.0,0.043,0.95,0.0,1.835,1.121,0.0,0.032,1.102,0.021,0.101,0.913,0.168,0.076,0.015,0.1,0.918,0.0,0.101,1.869,1.039,1.037,0.138,0.889,0.113,0.0,0.0,0.0,0.924,0.028,0.0,0.052,0.0,0.915,0.0,0.024,0.0,0.002,0.049,0.076,1.978,0.927,0.005,0.033
sample_141,0.0,0.0,0.0,0.0,0.0,0.049,0.0,0.0,0.0,1.988,0.898,0.0,0.0,0.972,1.011,0.0,1.103,1.034,0.0,0.007,0.009,0.085,0.0,0.054,0.003,0.104,1.09,0.014,0.0,1.035,0.0,1.118,0.005,1.972,0.0,0.0,1.039,0.943,0.077,0.0,0.009,0.081,0.849,0.141,0.0,0.01,0.04,0.051,0.019,0.07
sample_142,0.036,0.123,0.037,0.138,0.063,0.0,2.0,0.0,0.105,1.002,0.074,0.952,0.044,0.982,0.111,0.031,0.066,1.849,0.994,0.029,1.016,1.067,0.974,0.003,1.083,0.0,0.041,0.0,0.936,0.024,0.086,0.073,0.991,2.0,0.061,0.0,0.0,0.956,1.059,0.0,0.0,0.0,0.058,0.962,1.023,1.087,0.908,0.0,0.0,2.0
sample_143,0.087,0.0,0.04,0.072,0.0,0.99,1.029,0.024,1.041,1.039,0.0,2.0,0.082,0.013,0.895,0.992,1.014,1.92,0.0,0.0,1.043,1.012,0.0,1.025,0.996,0.036,0.0,0.0,0.0,0.0,0.001,1.01,0.0,0.97,0.975,0.176,0.946,1.961,0.231,0.029,0.903,0.059,0.0,0.064,0.985,0.969,0.113,1.04,0.068,2.0
sample_144,0.0,0.043,0.085,0.009,1.126,0.06,0.015,1.018,1.01,0.912,1.994,0.015,0.0,0.024,0.001,0.054,1.046,1.012,0.0,0.125,0.99,0.994,0.0,1.966,0.108,0.097,1.031,0.0,0.043,0.005,0.0,1.024,0.969,1.018,0.014,0.042,0.0,1.05,0.0,0.0,0.0,0.0,0.071,0.0,0.951,0.088,0.96,0.0,0.0,0.058
sample_145,0.059,0.052,0.038,0.005,0.0,0.943,0.09,2.0,0.951,2.0,0.0,1.921,0.012,0.971,0.0,0.0,0.0,0.0,0.0,0.0,0.046,0.995,0.04,0.0,0.0,0.008,0.0,0.038,0.0,0.064,0.0,0.074,0.0,0.953,0.027,1.082,1.117,1.003,1.129,0.98,0.077,0.0,0.029,0.836,0.921,0.033,0.0,0.03,1.063,0.965
sample_146,0.0,0.0,0.0,0.0,0.007,0.0,1.117,1.95,1.097,0.927,0.005,0.083,1.079,0.971,0.039,0.029,0.0,0.043,0.13,0.033,0.04,0.047,0.0,0.032,0.929,0.959,0.151,0.0,0.0,0.081,0.0,0.969,0.087,1.003,0.891,0.038,0.972,0.108,0.958,0.074,0.124,0.94,0.986,0.027,0.0,0.019,0.984,0.0,0.003,1.005
sample_147,0.011,0.0,0.0,0.992,0.0,0.0,1.023,1.873,0.0,1.98,0.0,1.114,0.001,2.0,0.966,0.0,0.915,0.988,0.0,0.0,0.0,0.921,0.102,1.058,0.092,1.097,0.047,0.0,1.927,1.08,0.005,0.175,0.0,1.138,0.0,0.094,0.119,0.0,0.966,0.0,0.0,0.047,0.0,0.004,0.039,1.87,0.09,0.0,1.037,0.043
sample_148,0.096,0.0,0.0,0.004,0.014,0.928,0.01,1.975,0.906,1.047,0.0,0.0,0.0,0.086,0.997,0.006,0.969,0.032,1.094,0.045,0.048,0.042,0.0,0.0,0.0,0.0,0.925,0.0,0.0,0.982,0.0,0.944,1.006,0.0,0.076,0.0,0.049,1.014,0.0,1.994,0.0,1.992,0.0,0.027,0.906,1.001,0.04,1.064,0.0,0.001
sample_149,0.013,0.108,0.0,0.936,0.196,0.0,0.868,0.959,0.806,1.017,0.057,0.936,0.0,0.065,0.877,1.907,0.0,0.0,0.979,0.0,0.015,0.0,0.038,0.014,1.014,0.0,0.034,0.0,0.988,1.073,0.0,0.095,1.101,0.053,0.931,0.847,0.076,0.008,0.948,1.082,0.0,0.0,1.037,0.0,0.0,1.076,0.015,0.087,1.079,0.001
sample_150,0.0,0.0,0.053,0.0,0.0,0.024,0.103,0.96,0.955,0.996,0.025,0.989,0.073,1.944,1.008,1.031,0.0,0.059,0.01,0.055,0.014,0.026,0.0,0.0,0.086,1.044,0.928,1.013,0.0,0.96,1.067,0.0,0.008,0.0,1.973,0.024,1.033,0.067,0.0,0.0,0.0,0.986,0.912,1.871,0.0,0.106,0.0,0.015,0.964,0.875
sample_151,0.066,0.0,0.0,0.0,0.016,0.0,0.871,0.0,0.0,1.946,1.068,0.0,2.0,0.011,1.067,0.0,1.055,0.988,0.03,0.0,0.0,1.026,0.03,0.033,0.0,1.104,0.0,0.029,1.042,0.12,0.0,0.0,0.895,1.109,0.029,0.032,0.218,0.023,0.0,0.0,0.0,0.0,0.972,0.0,0.0,1.111,1.021,0.0,1.053,1.033
sample_152,0.019,0.048,0.009,0.047,0.053,0.011,0.0,1.107,0.0,1.027,2.0,0.957,0.0,0.975,0.966,0.0,0.0,0.019,0.089,0.039,0.0,0.045,0.961,0.032,0.999,0.987,0.0,0.998,1.094,0.0,0.076,0.066,0.047,0.0,0.078,0.0,0.05,0.932,1.917,0.138,0.0,1.08,0.008,0.0,0.0,0.0,0.999,0.0,0.0,1.065
sample_153,0.018,0.0,0.06,0.0,0.0,1.052,0.0,0.0,1.129,0.999,0.994,0.972,0.083,0.0,0.892,0.952,0.093,1.058,0.982,0.096,0.052,0.0,0.0,0.023,0.942,1.0,1.022,0.0,0.0,0.979,0.072,0.871,0.973,0.966,1.067,0.0,0.126,0.046,0.0,0.017,0.0,2.0,0.0,0.0,0.032,0.086,0.0,2.0,0.99,0.0
sample_154,0.0,0.0,0.0,0.0,0.044,0.0,0.0,0.0,0.002,2.0,0.0,1.063,0.0,0.0,0.0,1.075,0.0,0.0,0.065,0.15,0.015,0.086,1.073,0.0,0.002,0.91,0.0,0.0,0.0,0.0,0.0,0.037,0.0,1.869,0.0,0.0,1.017,1.035,1.018,0.0,0.017,0.967,0.92,0.052,1.057,0.066,0.0,0.083,0.0,1.046
sample_155,0.0,0.0,0.0,0.0,0.006,0.0,0.123,0.0,0.0,1.937,0.961,0.072,0.103,0.951,0.0,0.919,0.091,1.078,0.0,0.902,0.0,2.0,2.0,0.855,0.978,0.113,1.985,1.104,0.045,0.924,0.98,0.0,0.0,0.932,1.105,0.932,1.075,0.0,0.0,1.039,0.0,1.04,0.0,0.031,0.0,1.984,0.06,2.0,0.909,0.918
sample_156,0.0,0.013,0.0,0.0,1.022,0.0,1.037,2.0,0.962,1.864,0.009,1.933,0.0,1.034,2.0,0.0,0.039,0.0,1.017,0.0,0.086,0.0,0.0,0.074,0.0,0.922,2.0,0.924,0.0,0.024,0.019,0.0,0.987,1.984,0.0,0.151,0.0,0.042,0.0,0.0,0.0,0.0,0.0,0.972,0.082,0.0,0.96,0.937,0.101,0.939
sample_157,0.039,0.068,0.0,0.0,0.0,0.06,0.912,0.027,0.008,1.026,0.033,0.0,0.932,0.05,0.956,0.0,1.045,0.0,0.033,1.097,0.001,1.07,0.011,0.111,0.0,0.0,0.047,0.987,1.081,0.0,1.145,0.149,1.02,1.039,0.083,0.0,0.0,0.088,1.019,0.0,0.001,0.833,0.0,0.947,0.064,0.07,0.04,1.028,0.0,1.041
sample_158,0.044,0.087,0.148,0.0,0.0,0.948,0.012,0.001,0.0,2.0,0.0,0.927,0.928,1.975,0.0,0.997,0.988,0.945,1.061,1.996,0.074,0.0,0.0,0.0,1.0,1.05,0.971,0.036,0.943,0.053,0.959,0.06,0.004,1.106,0.919,0.0,0.0,0.0,0.0,2.0,0.0,1.966,0.0,0.0,1.116,0.949,0.0,0.056,0.0,2.0
sample_159,0.0,0.059,0.076,0.0,0.0,0.052,0.04,0.901,0.921,0.0,0.042,0.982,0.989,0.0,0.0,0.0,0.953,1.008,0.041,0.159,0.999,1.078,0.0,0.0,0.0,0.0,0.001,0.0,0.863,1.122,0.0,0.885,1.063,0.949,1.076,0.0,0.0,1.024,0.042,1.054,0.0,2.0,0.052,0.014,0.99,0.0,0.042,0.003,0.971,1.089
sample_160,0.0,0.115,0.0,0.022,0.0,0.0,0.99,0.023,0.047,1.986,1.847,0.892,0.144,0.924,1.1,0.0,1.987,0.044,0.0,1.111,0.005,0.032,0.0,0.046,1.111,0.991,1.121,0.0,2.0,0.034,0.925,1.015,0.001,0.0,0.025,0.01,0.0,0.0,0.0,1.974,0.01,0.0,0.186,0.901,0.959,0.965,0.143,0.908,0.03,0.017
sample_161,0.023,0.087,0.085,0.0,1.014,0.87,1.007,0.944,1.987,0.0,2.0,0.0,0.01,1.914,0.941,0.081,1.041,0.08,0.109,0.946,0.105,0.897,1.052,0.0,0.0,1.043,0.066,1.064,0.015,1.009,0.037,0.021,0.038,0.014,0.059,0.886,0.991,0.0,1.019,1.115,0.0,2.0,0.053,0.0,0.0,1.026,0.0,0.932,1.077,0.07
sample_162,0.026,0.062,0.015,1.039,0.0,0.008,0.0,0.088,0.107,2.0,0.0,0.933,1.089,0.038,0.023,0.0,0.03,0.924,0.044,1.097,0.114,0.05,0.0,0.014,0.15,0.0,0.0,0.099,0.043,1.174,0.949,0.0,0.086,0.916,0.0,0.0,2.0,1.043,0.032,0.972,0.085,0.282,0.048,0.007,0.909,0.955,0.0,0.0,1.999,2.0
sample_163,0.087,0.0,0.0,1.094,0.0,0.0,1.05,0.072,1.83,0.942,0.992,0.051,0.0,0.942,1.051,0.0,0.038,1.922,0.0,0.053,0.018,1.065,0.0,0.0,0.095,0.0,1.088,0.092,1.06,0.0,0.0,0.0,0.0,1.933,0.045,1.045,0.0,0.047,0.032,1.106,0.04,0.074,0.033,0.069,0.91,0.0,0.0,0.0,1.031,1.044
sample_164,0.027,0.0,0.0,0.077,0.024,0.0,0.0,0.878,0.002,0.986,0.96,1.111,1.919,1.049,0.153,1.075,0.998,1.921,0.905,0.0,0.0,0.0,0.977,0.0,0.034,0.0,0.952,0.0,0.0,0.129,0.016,0.0,2.0,1.038,1.991,0.0,0.123,0.0,0.046,0.014,0.042,0.119,0.039,0.0,1.077,0.0,0.011,0.0,0.0,2.0
sample_165,0.026,0.0,0.035,0.0,0.09,0.975,0.0,0.005,0.936,1.089,1.0,0.0,1.041,0.93,1.91,0.029,0.0,0.923,1.059,0.037,0.0,0.0,0.0,0.124,2.0,0.0,0.04,0.0,0.0,0.007,1.032,0.0,0.017,2.0,0.989,0.0,0.0,0.016,1.029,0.014,0.0,0.0,1.028,0.103,1.011,0.971,0.016,0.92,1.092,1.013
sample_166,0.0,0.0,0.0,0.092,0.0,0.011,1.04,0.0,0.014,0.019,0.0,0.018,0.997,1.009,0.002,0.018,0.094,0.917,0.0,0.047,1.034,0.032,0.193,1.043,0.079,0.0,0.0,0.0,0.05,0.028,0.028,0.985,1.974,0.0,1.051,0.059,0.0,2.0,0.0,1.033,0.0,1.11,0.971,1.013,0.042,1.939,0.0,0.0,0.0,0.969
sample_167,0.078,0.0,0.04,0.022,0.0,0.036,0.0,0.044,0.964,0.001,0.0,1.009,0.065,0.0,0.0,0.032,1.034,0.0,0.141,0.037,1.049,0.99,0.0,0.047,0.96,0.038,0.0,1.017,0.0,1.061,0.0,0.157,0.157,2.0,1.089,0.0,0.082,0.993,0.0,1.105,0.079,0.998,0.0,0.959,0.0,0.066,0.0,1.02,0.0,0.0
sample_168,0.017,0.0,0.059,0.0,0.0,0.833,0.847,1.126,0.146,2.0,0.0,0.979,1.061,0.0,1.017,0.999,0.0,0.963,0.021,0.932,1.032,0.0,0.009,1.097,0.0,1.064,0.0,0.0,1.002,0.135,0.863,0.993,0.102,0.0,0.985,0.023,0.013,0.11,0.031,1.093,0.0,0.948,0.0,0.0,0.034,0.0,0.0,1.035,0.92,0.054
sample_169,0.0,0.081,0.0,1.044,0.013,0.052,0.008,0.884,1.071,1.994,0.055,1.048,0.0,1.936,1.046,0.0,0.066,0.0,0.072,0.03,2.0,0.974,1.016,0.083,0.0,0.037,0.003,1.009,0.121,0.084,0.006,0.015,0.0,0.988,1.022,0.06,0.052,0.0,0.068,1.994,0.0,1.094,0.102,0.018,0.05,0.054,0.098,1.051,1.907,2.0
sample_170,0.075,0.0,0.0,0.035,0.0,0.023,0.052,0.0,0.922,1.027,0.0,0.01,0.0,0.0,0.05,0.042,0.945,0.918,0.001,2.0,1.028,0.0,0.021,0.105,1.014,0.886,0.014,0.143,1.91,1.002,0.0,0.007,0.014,1.08,0.006,0.089,0.992,0.0,0.0,0.873,0.019,0.144,0.032,1.048,0.971,0.983,2.0,0.141,1.104,0.056
sample_171,0.002,0.015,0.0,0.0,0.0,0.003,0.0,0.0,0.997,0.978,0.918,0.0,0.0,0.0,0.065,0.867,0.861,2.0,0.007,1.028,0.962,0.936,0.0,0.0,0.109,0.977,0.0,0.173,0.986,1.039,1.045,1.051,0.02,0.014,0.007,0.0,1.023,0.142,0.085,1.021,0.06,0.939,0.0,0.066,1.104,0.946,0.966,0.153,0.007,0.128
sample_172,0.014,0.017,0.0,0.066,0.095,0.0,0.0,1.064,1.991,1.965,0.071,1.077,0.0,1.015,0.915,0.0,0.009,2.0,0.932,0.95,0.925,0.032,0.0,0.0,0.87,0.029,0.0,0.002,2.0,2.0,0.0,0.021,0.931,0.0,0.992,0.086,0.042,0.95,0.049,0.843,0.0,0.0,0.005,0.986,0.99,0.0,1.002,2.0,0.01,0.98
sample_173,0.028,0.058,0.0,0.0,0.081,0.923,0.126,0.0,0.0,0.933,1.153,1.965,0.0,0.974,2.0,0.0,0.0,1.753,0.004,0.001,1.073,1.092,0.987,0.057,0.0,1.054,0.0,0.0,0.0,0.098,0.013,0.105,0.948,2.0,0.954,0.016,0.015,1.046,1.018,1.948,0.062,1.121,0.959,0.0,0.035,0.977,0.991,1.039,0.0,0.981
sample_174,0.0,0.103,0.002,0.0,0.0,0.01,0.0,0.0,0.044,1.048,0.0,1.021,0.013,0.042,1.042,0.0,0.0,1.036,0.971,1.003,0.053,0.006,0.106,0.079,0.0,0.0,0.0,0.977,0.905,0.015,0.011,1.049,0.098,0.0,2.0,0.016,0.908,0.0,0.974,1.041,0.0,0.979,0.0,0.0,0.057,1.045,0.082,0.977,0.084,0.0
sample_175,0.0,0.0,0.001,0.084,0.0,0.0,0.985,0.04,0.0,0.0,0.906,0.96,0.082,0.006,0.948,1.087,0.959,1.099,0.098,0.004,0.0,1.16,0.027,0.0,0.067,2.0,0.092,0.954,1.022,0.917,0.047,0.0,0.02,0.0,0.982,0.0,1.055,1.104,0.0,2.0,0.03,1.001,0.0,0.0,0.0,1.85,0.099,0.026,0.0,0.0
sample_176,0.0,1.0,0.138,0.0,0.06,0.0,0.004,0.085,0.976,0.952,0.099,1.003,1.076,0.952,1.098,0.019,1.03,0.009,0.0,0.0,0.969,1.067,0.0,0.0,0.882,0.0,1.043,0.919,1.021,2.0,0.0,1.031,2.0,0.81,1.977,0.03,0.115,0.118,0.0,0.0,0.0,1.106,0.071,1.025,0.012,0.097,0.085,1.081,0.032,0.976
sample_177,0.054,0.057,0.0,0.0,0.079,0.116,0.0,0.0,2.0,2.0,0.963,0.132,0.03,1.037,1.123,0.969,0.0,0.0,0.0,0.0,0.052,1.029,0.0,0.993,2.0,0.92,0.014,0.049,0.0,0.048,0.0,0.0,0.919,0.1,0.0,0.0,0.009,0.0,0.895,1.037,0.0,0.927,0.96,0.056,0.091,0.077,0.989,0.0,1.027,0.103
sample_178,0.086,0.032,0.0,0.0,1.135,0.0,1.92,0.066,0.0,0.917,0.107,1.032,0.973,0.92,0.143,1.998,1.098,0.063,0.964,0.0,0.101,0.102,0.0,0.038,0.0,0.0,2.0,1.906,1.967,0.0,0.965,0.0,0.929,1.11,2.0,0.126,0.0,0.0,0.123,0.0,0.0,0.05,0.0,0.05,0.041,0.089,0.062,0.091,0.992,0.94
sample_179,0.148,0.0,0.0,0.04,0.114,0.013,1.07,0.0,1.965,0.869,0.055,0.0,0.0,1.036,1.074,0.0,0.04,1.038,0.0,0.0,0.04,0.043,0.063,1.022,0.918,2.0,1.0,0.0,0.0,0.952,1.062,0.0,0.93,1.977,0.113,0.074,0.0,0.095,0.094,0.0,0.0,0.0,1.079,0.111,0.0,2.0,0.0,0.974,0.971,0.081
sample_180,0.091,0.067,0.0,0.06,0.036,0.0,0.855,1.073,0.0,0.91,0.0,1.025,0.0,0.891,0.132,1.07,0.0,0.0,1.025,0.921,0.023,0.0,0.995,0.918,0.922,0.115,1.004,2.0,0.859,0.0,1.032,0.014,0.0,0.014,2.0,0.09,0.0,0.843,0.0,1.923,0.052,0.81,0.0,1.1,2.0,1.063,0.0,0.0,1.101,1.007
sample_181,0.007,0.0,0.007,0.0,0.083,1.191,0.034,0.956,0.823,0.882,2.0,0.928,0.974,2.0,1.104,0.0,0.0,0.005,0.0,0.96,2.0,0.013,1.149,0.031,0.081,0.925,1.037,0.0,1.028,0.048,1.003,0.169,0.1,2.0,0.054,0.123,0.0,0.096,0.0,0.0,1.039,0.086,0.919,0.964,0.007,0.987,0.06,1.241,0.029,0.949
sample_182,0.0,0.0,0.0,0.033,0.032,0.0,0.139,0.0,0.992,0.045,0.062,1.089,1.03,2.0,0.0,1.064,1.063,0.106,0.0,0.0,1.058,0.814,0.034,0.074,0.0,0.0,0.925,0.0,0.0,0.0,0.948,0.0,0.0,1.131,0.972,0.024,0.0,0.0,0.881,1.89,0.0,1.013,1.075,1.875,0.962,0.0,0.0,0.075,0.0,0.997
sample_183,0.102,1.032,0.0,0.011,0.0,1.029,0.036,0.0,0.012,0.992,0.038,0.058,0.033,0.0,1.065,0.0,1.908,0.776,0.0,0.0,0.028,0.862,0.0,1.033,0.0,2.0,0.961,0.0,1.042,1.067,0.006,0.0,0.0,0.045,0.929,0.0,0.0,1.993,0.0,0.0,0.036,0.067,0.875,2.0,0.076,0.042,0.971,0.934,1.006,0.017
sample_184,0.007,0.0,0.0,0.03,0.033,0.014,0.008,1.118,0.956,0.09,0.949,0.078,0.086,1.979,1.116,0.033,0.0,0.974,0.079,1.065,0.0,0.0,0.014,0.964,0.165,0.016,0.0,1.083,0.0,0.071,0.0,0.0,0.073,1.11,0.946,0.0,0.04,0.956,0.0,1.061,0.0,0.0,0.0,0.001,0.0,0.0,0.0,0.115,0.152,0.926
sample_185,0.018,0.0,0.0,0.126,0.0,0.98,0.934,0.08,1.772,1.969,0.0,0.0,0.06,1.084,0.901,1.147,1.9,1.09,0.01,0.0,0.0,0.0,0.015,0.936,0.0,0.0,0.915,0.0,1.92,0.0,0.03,0.008,0.138,0.845,1.033,1.0,1.057,1.05,0.0,0.012,0.0,1.043,0.0,0.054,0.998,0.966,0.984,0.989,0.091,0.226
sample_186,0.085,0.0,0.044,0.047,0.0,0.0,1.996,0.057,0.0,0.95,1.04,1.003,0.099,0.901,0.165,0.0,0.858,1.996,0.0,0.0,0.0,0.986,0.0,0.03,0.0,1.077,0.987,0.932,0.0,0.0,0.0,0.0,1.037,0.0,2.0,0.011,0.0,1.928,1.054,0.0,0.0,0.014,0.0,0.0,0.922,0.024,0.0,0.073,0.0,0.04
sample_187,0.0,0.0,0.027,0.0,0.0,0.003,0.0,0.0,0.0,0.0,0.005,0.944,0.0,0.983,1.051,0.013,0.0,0.0,1.045,0.0,0.056,0.0,0.0,0.0,1.152,2.0,1.049,0.025,1.87,0.011,0.0,0.0,0.011,0.0,1.061,0.0,0.005,0.0,0.0,0.021,0.922,0.011,0.985,0.0,0.0,0.0,0.0,1.0,0.0,0.957
sample_188,0.111,0.029,0.0,0.01,0.0,0.969,0.0,0.0,0.027,0.965,0.0,1.96,1.207,0.954,0.855,0.0,0.053,1.094,0.952,0.09,0.052,1.987,0.982,0.013,0.061,1.028,0.0,0.0,0.139,0.018,0.061,1.038,0.019,0.008,1.063,0.05,0.018,0.951,0.027,0.995,0.978,0.188,0.0,1.067,0.0,1.009,1.18,0.933,0.949,0.999
sample_189,0.0,0.062,0.0,0.046,0.0,0.874,0.0,0.89,0.106,0.893,0.0,1.029,0.0,0.894,0.143,0.93,0.0,0.985,0.05,0.032,0.0,0.0,0.0,1.052,0.0,1.141,0.947,0.0,0.919,0.0,0.0,0.0,0.0,0.0,0.049,0.0,0.0,0.972,1.069,0.015,0.0,0.0,0.0,0.911,0.091,0.037,0.94,0.0,0.942,0.938
sample_190,0.032,0.0,0.146,0.088,0.092,1.047,0.0,0.042,1.976,1.114,1.028,0.018,0.009,1.122,0.0,0.129,0.0,0.0,0.0,0.0,0.046,0.927,0.012,0.079,0.0,0.981,0.909,0.0,0.18,0.054,0.0,0.957,0.0,0.009,0.971,0.037,0.0,0.933,1.026,0.918,0.051,0.999,0.0,0.008,0.0,1.049,0.0,0.13,1.075,0.0
sample_191,0.859,0.947,0.0,0.128,0.0,1.065,0.0,0.0,0.0,0.077,1.022,0.0,1.114,0.0,0.968,0.802,1.044,2.0,0.007,0.0,0.0,0.0,1.032,1.045,0.0,1.066,0.0,0.0,0.014,0.0,0.016,0.0,0.0,0.0,0.988,0.113,0.0,1.045,2.0,0.028,0.0,0.0,0.0,0.956,0.961,0.069,0.072,0.885,0.0,0.0
sample_192,0.042,0.08,0.189,1.967,0.971,1.041,0.0,0.0,0.0,1.816,0.009,0.987,0.089,1.0,0.0,1.982,0.854,0.0,1.044,0.0,1.065,0.862,0.983,0.967,1.067,0.047,0.045,0.108,0.0,0.093,0.0,0.0,0.053,0.0,1.04,1.007,0.075,0.0,1.004,0.036,0.0,0.951,0.033,0.998,0.0,0.994,0.112,0.969,0.0,1.88
sample_193,0.0,0.046,0.059,0.008,0.067,1.051,0.078,0.069,1.11,1.988,0.907,0.046,0.055,1.11,1.09,0.136,0.043,0.016,0.0,0.022,0.961,1.015,0.004,1.033,0.0,1.065,0.0,0.013,1.084,1.131,0.051,0.118,1.012,1.0,0.037,0.0,0.0,0.964,0.0,0.037,0.001,0.975,0.0,0.035,0.055,0.921,0.0,1.067,0.904,1.038
sample_194,0.113,0.113,0.052,0.05,0.158,0.0,0.967,0.059,0.976,0.087,0.0,2.0,0.0,0.0,0.962,0.019,0.0,0.067,1.046,1.077,0.0,0.881,0.0,0.203,1.089,0.0,2.0,0.051,0.0,1.096,0.0,0.994,1.002,1.08,0.947,0.0,0.023,0.0,0.0,1.083,0.041,0.073,0.043,0.169,0.959,2.0,0.0,1.067,0.0,1.12
sample_195,0.0,0.098,0.042,0.0,0.038,0.018,2.0,0.986,0.951,0.977,0.882,1.059,0.0,0.0,1.045,0.059,0.876,0.994,1.032,1.004,0.094,0.0,0.0,1.057,0.962,0.0,0.0,0.086,0.912,0.164,0.0,0.006,1.915,1.003,0.0,0.0,1.198,0.0,0.0,1.068,0.127,1.079,0.0,0.015,0.0,1.063,0.886,0.0,0.0,1.031
sample_196,0.0,0.106,0.051,0.045,0.0,0.119,0.0,0.122,1.142,0.036,0.072,0.784,0.0,1.077,1.065,0.915,0.0,0.0,0.029,0.0,0.079,0.083,0.0,1.036,0.0,0.017,0.92,0.044,0.0,0.0,0.0,0.985,0.019,0.0,0.132,0.011,0.016,0.014,0.07,2.0,0.031,1.052,0.872,0.0,0.0,1.986,0.041,0.001,1.041,0.0
sample_197,0.0,0.0,0.027,0.869,0.024,0.897,0.0,1.063,0.016,0.0,0.0,0.895,0.0,1.008,0.039,0.031,1.042,0.999,0.0,0.0,0.0,0.0,0.0,1.006,0.992,0.215,0.906,0.0,1.9,0.0,1.976,0.059,0.0,0.0,0.97,0.0,0.0,1.973,1.005,0.039,0.0,0.0,0.88,0.038,0.0,2.0,0.092,0.0,0.928,0.999
sample_198,0.024,0.0,0.0,0.039,0.035,0.0,0.0,1.032,0.946,1.015,0.011,0.0,1.006,0.036,0.045,0.008,0.862,0.089,0.029,0.0,0.945,0.016,0.048,0.966,0.058,0.0,0.0,0.0,0.0,0.106,1.144,0.016,0.955,0.984,0.033,0.0,0.0,0.1,0.927,0.948,1.001,0.02,0.956,0.005,0.043,1.137,0.0,0.0,1.107,0.0
sample_199,0.0,1.018,0.075,0.025,0.0,0.0,0.0,0.086,0.914,0.983,0.973,0.0,0.017,0.031,0.03,0.932,0.885,2.0,0.0,0.129,0.132,0.139,0.934,1.04,0.061,0.053,0.0,0.09,1.0,1.009,0.0,0.045,0.982,0.033,0.016,0.013,0.0,1.055,0.0,0.898,0.04,0.0,0.0,0.0,0.02,1.993,0.851,0.973,0.082,0.968
sample_200,0.0,0.073,0.056,1.072,0.0,0.121,1.045,0.172,0.945,0.877,0.001,0.0,0.046,0.075,0.0,0.0,1.037,0.0,0.0,1.073,2.0,0.076,0.0,0.0,0.0,0.947,0.0,0.0,0.0,0.927,0.91,0.086,0.932,0.0,1.067,0.064,0.056,0.021,0.051,0.096,1.03,0.871,0.963,2.0,0.0,0.113,0.996,0.006,0.079,0.987
sample_201,0.012,0.063,0.0,0.0,0.058,0.005,1.103,0.0,0.0,1.054,0.061,1.986,1.028,1.052,0.0,0.951,0.013,0.063,0.918,0.0,0.0,0.029,0.999,0.0,0.087,0.0,0.0,0.0,1.95,0.036,0.022,1.042,0.039,1.146,0.0,0.0,0.0,1.951,0.932,1.007,0.088,1.108,0.035,0.15,0.0,0.0,0.074,0.871,0.947,2.0
sample_202,0.0,0.0,0.0,0.0,0.07,1.001,0.942,0.0,0.0,1.027,1.024,0.0,0.845,1.029,0.937,0.048,0.0,0.0,0.011,0.165,0.052,0.01,2.0,0.877,0.0,0.0,0.121,1.107,0.027,0.009,0.0,0.0,1.125,1.009,0.0,0.0,2.0,0.0,0.877,0.935,0.0,0.991,0.015,0.0,1.054,0.006,0.074,0.975,0.213,0.96
sample_203,0.0,0.0,0.0,0.0,0.021,0.867,1.011,0.0,0.973,1.042,0.161,0.0,0.0,0.0,0.939,0.95,0.058,1.966,0.157,0.029,0.0,1.974,0.0,0.056,0.885,0.0,0.959,1.048,1.086,0.097,0.037,0.994,1.056,0.0,0.0,0.031,0.93,0.995,0.008,0.017,0.066,1.058,0.014,1.969,1.008,0.958,0.0,1.183,1.013,0.032
sample_204,0.0,0.071,0.053,0.054,0.015,0.072,0.089,0.02,0.992,2.0,1.937,1.95,0.0,0.0,2.0,0.0,0.0,0.985,1.003,0.0,0.995,0.0,0.969,0.0,0.076,0.0,0.0,0.0,1.029,0.0,0.0,1.993,0.075,0.023,0.917,0.966,0.062,0.916,0.994,0.0,0.0,1.189,0.0,0.031,0.946,1.037,0.061,0.959,0.0,0.937
sample_205,0.0,0.073,0.0,0.0,1.124,0.0,0.983,0.115,0.99,0.989,1.914,0.0,0.0,1.025,1.021,1.966,0.001,0.871,0.032,1.011,1.138,1.001,0.934,0.0,0.0,0.03,0.002,0.0,0.885,1.018,1.097,0.006,1.057,1.071,1.019,0.0,1.014,0.084,0.037,0.052,0.0,0.986,0.0,0.0,0.082,0.836,0.002,0.0,0.904,0.047
sample_206,0.0,0.0,0.129,0.071,1.04,0.027,0.988,0.14,1.056,0.0,0.902,0.04,0.0,0.0,0.03,0.0,0.037,1.031,0.957,0.044,0.965,0.97,0.0,0.079,0.0,1.096,0.125,0.0,0.796,0.073,0.976,0.939,0.959,0.971,1.091,0.011,0.09,0.035,0.0,0.973,1.039,1.057,2.0,0.982,0.012,0.041,0.973,0.921,0.944,0.0
sample_207,0.046,0.088,0.0,0.0,0.0,0.056,0.963,0.0,0.901,1.034,1.989,0.0,0.0,0.079,0.93,0.0,0.088,1.005,0.047,0.028,0.0,0.976,0.058,1.081,1.076,0.917,0.091,0.0,0.0,0.988,0.058,0.038,0.982,0.059,0.01,0.0,0.95,1.029,0.0,0.0,1.059,0.0,0.111,0.0,0.0,0.951,0.932,0.0,0.124,0.01
sample_208,0.0,0.0,0.0,0.962,0.0,0.0,0.0,0.0,1.072,1.114,0.867,0.0,0.0,1.01,0.0,0.118,0.003,0.0,1.111,0.0,1.028,0.0,0.904,0.0,1.153,0.044,1.019,0.0,1.064,0.0,0.0,0.0,1.137,1.133,0.0,0.0,0.0,1.005,0.011,0.055,0.064,0.986,0.039,0.951,1.038,0.0,0.032,0.026,0.005,1.056
sample_209,0.0,0.0,0.0,0.0,0.0,0.0,1.092,0.01,1.072,1.021,0.0,0.009,0.051,0.084,1.991,0.0,0.0,0.0,0.0,0.126,0.042,1.956,0.0,0.072,0.922,0.0,0.0,0.008,1.043,0.083,0.073,0.0,0.071,0.0,0.0,0.0,0.0,0.956,0.0,0.0,0.043,1.12,0.0,0.0,0.0,1.054,0.0,0.949,1.05,0.067
sample_210,0.0,0.0,0.019,0.0,0.0,0.0,0.065,0.017,2.0,1.094,0.032,0.965,2.0,1.033,0.182,0.022,0.049,0.02,0.993,0.982,0.021,1.036,0.081,0.022,0.968,0.0,0.0,0.116,0.962,0.068,0.019,1.021,0.992,0.0,0.932,0.121,0.008,0.079,0.097,0.0,0.03,1.003,0.0,0.0,0.041,0.0,0.0,0.0,1.148,0.872
sample_211,0.035,0.0,0.0,0.0,1.047,0.051,1.013,1.076,1.089,0.057,0.962,0.035,0.035,0.943,0.89,0.0,1.005,0.021,0.917,0.073,0.011,0.094,0.026,0.925,0.032,1.047,1.962,0.0,0.007,0.0,0.078,0.971,1.121,0.851,2.0,0.1,0.0,0.989,1.972,0.0,0.017,0.909,0.0,0.036,0.0,1.93,0.072,2.0,0.0,1.909
sample_212,0.0,0.038,0.019,0.055,0.0,0.0,0.064,0.0,0.013,0.0,0.0,1.071,0.0,1.057,0.0,0.0,0.0,1.122,0.918,0.047,0.074,0.0,0.974,0.01,0.896,0.0,0.089,0.037,0.0,0.008,0.041,0.054,0.0,0.107,0.092,0.047,0.941,0.0,0.0,2.0,0.0,0.035,0.09,0.04,0.0,0.0,0.021,0.989,1.031,1.042
sample_213,0.076,0.0,0.016,0.0,0.0,1.061,0.068,0.098,1.03,1.992,0.982,0.879,1.094,0.0,1.035,1.048,0.913,0.0,0.108,0.02,0.0,0.0,1.076,1.065,0.0,1.114,0.068,0.0,0.0,0.074,0.033,0.0,1.984,2.0,0.001,0.0,0.929,1.124,0.059,0.099,0.017,1.088,0.941,1.011,0.02,0.097,0.022,0.956,0.004,0.0
sample_214,0.0,0.058,0.974,0.0,0.058,0.098,0.037,2.0,1.035,0.021,0.017,0.91,0.067,1.829,0.0,0.002,0.0,0.968,0.129,0.077,0.952,0.967,0.911,0.049,0.0,0.0,0.007,1.031,0.067,0.995,0.974,1.139,0.0,1.05,0.0,1.048,0.0,0.968,0.0,0.958,0.088,0.0,0.05,1.106,0.998,1.07,0.037,0.008,0.053,0.129
sample_215,0.0,0.933,0.0,0.07,0.079,0.0,0.85,1.953,1.038,0.995,0.013,0.0,0.071,0.024,0.041,1.011,0.037,1.032,0.0,0.026,0.055,2.0,1.029,0.0,0.0,0.0,0.013,0.0,0.0,0.0,0.0,0.0,0.0,1.162,1.126,0.932,1.01,0.0,0.0,0.916,0.0,0.987,0.018,1.046,0.976,1.003,0.0,0.906,0.0,1.045
sample_216,0.0,0.0,0.0,0.913,0.116,0.0,1.048,1.076,0.0,1.005,0.039,0.008,0.025,0.0,0.039,0.966,0.024,0.064,0.047,0.024,0.045,1.048,1.105,0.998,0.011,1.065,0.0,0.0,1.035,0.0,0.0,0.035,0.1,0.0,1.072,0.0,0.972,1.129,0.0,1.006,0.053,0.0,1.005,1.004,1.13,0.0,0.0,0.0,0.928,2.0
sample_217,0.002,0.0,0.0,0.961,0.0,0.911,0.0,1.975,0.0,0.011,0.017,0.0,0.0,0.151,0.148,0.0,0.0,0.0,0.074,0.972,0.017,0.14,0.999,0.049,0.036,0.959,0.074,0.941,0.094,0.0,0.0,0.924,0.0,0.97,0.83,0.0,0.0,1.055,0.03,0.95,0.0,0.984,1.104,0.0,0.95,0.921,0.0,1.021,0.014,0.09
sample_218,0.073,0.168,0.0,0.982,0.0,0.049,0.008,1.046,1.92,1.025,1.014,0.01,0.0,0.083,1.144,0.0,1.05,0.0,0.047,1.869,0.0,0.908,0.0,1.059,0.0,0.0,0.0,1.111,1.03,0.918,0.0,1.109,0.05,0.0,1.981,0.0,0.0,0.88,0.0,0.097,0.0,0.993,1.01,1.155,1.001,0.077,0.0,0.0,0.001,0.946
sample_219,0.0,0.062,0.0,0.0,0.05,0.0,0.077,0.005,1.988,0.859,0.0,0.026,0.122,1.04,0.079,0.0,0.991,0.085,0.938,0.068,0.051,0.019,0.0,0.931,0.124,0.044,0.024,0.0,1.003,0.012,0.028,0.051,0.945,0.0,1.006,0.0,0.0,0.0,0.034,1.139,0.864,1.159,0.0,1.024,0.0,2.0,0.003,0.996,0.864,1.005
sample_220,0.059,0.983,0.082,0.079,0.0,0.112,0.003,0.003,0.007,1.005,0.816,0.987,0.0,0.114,2.0,0.06,0.0,0.929,0.0,1.136,0.0,0.0,0.072,1.105,0.116,1.073,0.084,0.004,0.0,1.002,0.044,0.0,0.0,0.0,0.0,1.129,0.131,0.0,0.02,0.931,0.045,0.123,0.0,1.032,0.038,1.037,0.115,0.143,0.0,1.047
sample_221,0.006,0.0,0.019,1.047,0.015,0.938,0.0,0.0,0.941,1.022,0.029,0.069,0.0,0.96,0.109,0.0,1.002,0.0,0.079,0.082,0.078,1.002,0.0,1.135,1.06,0.0,0.1,0.0,0.099,0.103,0.0,1.041,0.055,1.183,0.0,0.1,0.001,0.913,0.0,1.0,0.926,2.0,0.067,1.017,0.962,0.0,0.0,0.015,0.078,2.0
sample_222,0.0,0.0,0.012,0.079,1.091,0.124,1.009,0.053,0.0,0.03,0.925,0.0,1.212,0.021,0.0,0.029,0.964,0.933,0.147,0.075,0.024,0.0,0.0,0.108,1.021,0.0,1.169,0.013,1.024,0.076,1.033,0.052,0.97,0.914,1.02,0.1,0.0,0.0,1.085,0.968,0.0,0.974,0.995,0.0,0.0,1.016,1.016,0.081,0.129,1.106
sample_223,0.064,0.0,0.0,0.001,0.041,1.058,0.044,0.992,2.0,1.088,0.062,0.0,0.0,0.0,0.0,0.018,0.036,0.901,0.0,0.017,0.937,0.03,0.0,0.949,0.004,1.027,0.0,0.983,0.033,0.0,1.884,0.0,0.0,0.0,0.976,0.117,0.0,0.0,0.149,2.0,0.974,0.989,1.03,0.119,0.0,0.0,0.0,0.007,0.902,0.968
sample_224,0.0,0.075,0.0,0.028,0.0,0.009,0.0,0.0,1.155,0.065,0.0,1.224,0.936,0.082,0.893,0.983,0.906,2.0,1.004,0.978,0.076,0.96,0.023,1.057,0.0,0.948,0.004,1.044,1.099,0.0,0.0,0.939,2.0,0.0,0.981,0.0,0.039,1.961,0.0,1.03,0.0,0.0,0.0,1.084,0.0,0.961,0.997,0.958,0.0,0.007
sample_225,0.0,0.0,0.0,0.0,0.004,0.021,0.9,1.053,0.053,1.068,1.021,0.045,0.153,0.979,0.927,0.893,0.123,2.0,0.935,0.949,0.0,0.086,0.0,0.0,1.152,1.022,0.032,0.0,1.033,0.0,0.941,0.007,1.841,0.0,0.975,0.0,0.961,0.0,0.0,2.0,0.0,0.904,0.004,0.0,0.0,1.849,0.048,0.0,1.004,0.943
sample_226,0.0,0.081,0.037,0.079,0.023,0.028,0.0,0.0,0.984,1.086,0.965,1.019,0.016,1.081,0.0,0.058,0.881,0.0,0.0,0.055,0.047,0.063,0.953,0.961,0.0,1.101,0.119,1.056,1.023,0.093,0.0,1.973,0.0,0.0,0.988,0.0,0.072,2.0,0.1,0.886,0.133,0.0,0.916,0.0,0.092,2.0,0.0,0.0,0.904,1.079
sample_227,0.056,0.095,0.028,0.0,0.0,0.033,0.0,0.0,0.0,2.0,0.032,0.035,1.956,1.012,0.0,0.0,0.823,0.0,0.0,1.166,0.874,0.0,0.015,0.124,0.014,1.049,0.976,0.0,0.006,1.954,0.051,0.0,0.062,1.003,1.985,0.0,0.0,0.084,0.0,1.019,0.0,0.998,0.0,1.007,0.026,0.022,0.0,0.0,1.038,0.0
sample_228,0.0,0.133,0.0,0.076,0.0,0.046,0.05,0.0,0.0,0.862,0.957,0.037,0.925,0.007,0.0,0.0,0.92,0.0,0.0,0.0,0.954,0.935,0.0,1.076,0.0,0.846,0.956,0.064,0.947,0.105,0.0,0.035,0.073,1.032,0.904,0.0,0.082,0.0,1.068,0.97,0.01,0.0,0.0,0.0,0.016,0.007,0.032,0.0,0.935,1.013
sample_229,0.0,0.075,0.0,0.0,0.032,0.0,0.0,0.0,2.0,0.006,0.0,1.025,0.0,1.939,0.0,0.07,0.862,1.941,0.008,0.11,1.039,0.941,0.107,0.0,1.019,0.034,0.0,0.049,0.0,0.049,0.0,0.023,0.0,2.0,0.997,1.087,0.036,0.991,1.055,2.0,1.033,0.84,0.0,0.097,0.912,0.062,1.049,0.0,0.0,0.0
sample_230,0.145,0.0,0.0,0.0,0.085,0.0,0.0,1.099,0.041,0.0,0.914,2.0,0.001,0.0,0.0,1.922,0.0,0.857,0.0,0.0,0.0,1.119,0.0,0.0,0.036,0.983,1.028,1.02,0.009,0.194,0.064,0.924,1.026,0.945,0.031,0.0,0.0,1.024,0.07,2.0,0.06,1.026,0.012,0.0,0.057,1.072,0.996,0.992,0.111,0.0
sample_231,0.005,0.034,0.0,0.0,0.026,0.997,1.129,1.055,0.0,2.0,0.022,0.092,0.963,1.013,0.993,0.004,0.0,0.04,0.029,0.09,0.0,0.971,0.055,0.944,0.076,0.076,1.088,0.026,0.966,1.008,0.027,0.961,0.093,0.041,0.938,0.132,0.007,0.923,0.0,0.104,1.128,0.071,2.0,1.085,1.039,1.023,2.0,0.052,0.948,0.051
sample_232,0.102,0.0,0.0,0.033,0.955,0.908,1.08,0.968,1.001,1.957,0.089,1.06,0.0,0.0,1.976,1.04,0.013,1.008,1.015,0.053,0.997,0.032,0.931,0.179,1.98,1.014,1.04,0.0,0.001,1.0,0.0,0.031,0.0,2.0,2.0,0.045,0.0,0.945,0.097,1.291,0.084,0.073,0.037,0.0,0.07,0.923,0.0,0.0,1.068,0.996
sample_233,0.007,0.0,0.0,0.0,0.0,0.902,0.0,0.0,2.0,2.0,0.0,0.0,0.13,0.931,1.03,2.0,0.077,0.021,0.0,1.005,1.006,0.0,0.0,0.087,1.075,0.0,0.979,0.0,0.0,0.0,0.953,0.0,0.0,1.012,1.081,0.059,0.0,0.871,1.05,0.01,1.03,1.136,0.0,0.799,0.0,2.0,0.002,0.0,0.0,1.975
sample_234,0.0,0.036,0.0,1.956,0.0,0.018,1.003,1.014,0.013,0.0,0.928,0.0,0.0,1.145,0.0,0.0,0.007,0.0,0.075,1.978,0.0,1.057,1.127,1.099,1.99,0.997,0.003,0.01,0.941,1.066,1.014,0.0,0.911,0.004,0.867,0.0,0.0,0.02,0.132,1.04,0.101,0.045,0.079,0.13,0.0,0.0,0.047,0.0,0.015,0.983
sample_235,0.0,0.113,0.0,0.048,0.037,0.0,0.0,0.0,2.0,0.0,0.994,0.0,1.163,0.005,1.035,1.962,0.0,0.134,0.0,0.02,0.0,0.0,0.0,0.931,0.002,0.82,0.0,0.994,0.905,0.106,0.0,0.0,1.959,0.0,1.092,0.173,0.052,0.076,0.12,0.017,0.11,1.055,0.01,0.025,0.0,0.02,0.0,0.0,0.014,0.922
sample_236,0.0,0.01,0.013,0.0,1.063,0.0,0.031,0.0,0.988,2.0,0.068,0.944,0.962,0.931,0.0,0.902,0.99,1.044,0.0,0.994,0.0,0.074,0.957,0.0,0.0,0.92,1.037,0.0,1.004,1.089,0.093,0.0,0.045,1.016,0.0,0.023,0.879,0.102,1.036,0.0,0.0,0.0,0.0,0.0,0.907,0.054,0.089,0.0,0.0,0.03
sample_237,0.0,0.0,0.0,0.0,0.017,0.001,0.015,0.893,0.047,0.0,0.179,0.973,0.023,0.198,0.014,0.0,0.0,0.107,0.0,0.03,0.0,0.0,0.0,0.094,0.0,0.0,1.088,0.0,1.023,1.059,0.033,0.0,1.049,0.0,0.977,0.0,0.0,1.013,0.904,1.98,1.011,0.075,0.0,1.102,1.066,0.0,0.922,0.899,0.019,1.948
sample_238,0.084,0.0,0.0,1.016,0.0,1.001,1.069,0.008,1.008,1.014,0.0,1.027,0.011,0.063,0.042,0.0,0.072,0.98,1.017,0.0,1.032,0.0,0.115,0.141,0.061,1.108,0.892,0.0,0.977,1.003,0.0,0.0,1.081,0.151,0.09,0.076,0.016,0.0,1.005,0.147,0.0,0.0,0.078,0.082,0.941,0.0,0.965,0.005,0.077,0.944
sample_239,0.076,0.007,0.163,0.022,0.0,1.04,0.0,0.874,0.0,0.982,0.0,0.0,0.0,0.0,1.017,0.007,0.971,0.994,0.0,0.001,0.004,0.0,0.019,0.018,0.0,0.169,0.0,0.98,0.0,0.0,0.048,0.0,0.0,0.962,1.931,0.877,0.0,0.061,1.014,1.109,0.053,1.037,1.132,1.993,1.004,0.999,0.108,0.0,0.0,1.041
sample_240,0.0,0.037,0.029,0.0,0.04,0.0,0.011,0.0,0.2,2.0,0.0,0.904,0.091,0.975,0.0,1.024,0.045,0.044,0.001,1.011,1.016,1.024,0.03,0.077,1.004,1.943,0.0,0.053,0.0,0.0,1.064,0.106,0.0,0.007,0.972,0.0,1.021,0.0,0.922,0.979,0.0,0.0,1.055,0.971,0.0,0.02,0.0,0.059,0.0,0.902
sample_241,0.0,0.004,0.0,0.0,1.013,0.0,0.0,2.0,0.956,0.08,0.002,0.021,0.0,0.814,0.0,0.991,0.026,0.875,0.996,0.0,0.016,0.999,1.052,0.075,0.032,1.06,1.975,1.198,0.915,0.0,0.063,1.053,1.034,1.047,0.0,0.111,0.0,0.087,0.0,0.018,0.0,1.04,0.022,1.026,0.0,0.0,0.0,1.035,0.069,0.011
sample_242,0.0,0.008,0.183,0.115,0.0,1.004,0.065,0.987,0.0,0.0,0.039,1.92,1.083,0.0,0.0,0.079,0.892,0.961,0.96,0.15,0.0,0.849,0.0,0.032,0.055,0.159,1.098,1.013,0.0,0.114,1.974,0.0,0.971,0.0,0.0,0.984,1.051,0.0,0.0,0.0,0.015,1.005,0.0,0.967,0.027,1.097,0.0,2.0,1.067,0.946
sample_243,0.0,0.0,0.0,0.012,0.002,0.039,0.0,0.001,1.097,1.145,1.09,0.0,0.032,0.0,0.02,0.946,0.88,0.976,1.051,0.02,0.028,0.015,0.028,0.037,0.0,0.006,1.122,1.01,1.003,0.007,0.0,0.97,0.015,0.965,0.99,0.0,1.008,1.041,0.985,0.859,1.041,0.008,1.93,0.054,0.0,0.073,0.0,0.0,1.012,1.972
sample_244,0.0,0.0,0.0,0.0,0.0,1.089,0.0,0.0,1.921,1.054,0.0,0.009,0.0,0.963,0.0,0.0,0.001,2.0,0.0,0.994,0.062,0.0,0.0,0.0,0.0,1.018,1.962,0.0,1.093,0.064,0.865,1.897,1.042,0.0,0.105,0.043,0.021,0.0,0.034,0.0,0.091,1.03,0.0,0.056,0.157,0.985,1.039,1.97,2.0,0.0
sample_245,0.0,0.003,0.126,0.874,0.0,0.09,0.983,0.0,0.942,1.935,1.872,0.0,0.931,1.008,0.0,0.966,0.968,1.997,0.0,0.0,0.006,0.075,1.009,0.0,0.991,0.0,0.99,0.0,1.935,0.0,0.971,0.069,1.076,0.0,0.0,0.0,0.057,1.01,2.0,1.038,0.0,0.095,1.0,0.94,0.0,0.086,0.0,0.066,0.0,0.946
sample_246,0.046,0.0,1.058,0.025,0.0,0.0,0.0,0.024,1.132,0.0,1.037,1.002,0.002,0.0,0.94,0.023,0.0,0.0,0.071,0.007,0.0,0.094,0.0,0.089,0.938,0.015,0.0,0.0,1.092,0.13,0.0,0.023,0.004,1.121,0.852,0.026,0.0,0.835,0.0,2.0,0.0,1.055,0.084,0.999,0.008,0.88,0.0,0.063,0.004,2.0
sample_247,0.009,0.153,0.0,0.112,0.009,0.119,0.0,1.013,0.0,1.01,1.086,0.027,0.085,0.953,0.942,0.001,0.0,0.987,0.0,0.084,0.975,0.1,1.001,0.045,0.039,0.0,0.026,0.135,2.0,1.063,0.049,0.021,0.013,1.038,1.053,0.0,0.017,0.0,0.0,0.091,0.0,0.0,1.056,0.901,0.0,2.0,0.011,0.033,1.969,0.0
sample_248,0.0,0.0,0.0,0.021,0.0,0.013,0.011,1.027,0.035,0.976,0.013,1.017,0.0,0.045,0.01,1.039,0.91,0.978,0.924,0.052,0.0,0.0,0.037,0.0,0.0,1.063,0.066,0.051,0.059,0.0,0.0,0.0,2.0,0.0,0.0,0.042,0.083,1.028,0.126,0.0,0.0,0.05,0.946,0.981,0.0,0.0,0.0,0.0,0.972,1.006
sample_249,0.087,0.047,0.0,0.043,1.008,0.0,0.0,1.014,0.952,0.987,1.083,0.951,0.928,0.996,0.0,0.0,0.0,2.0,0.997,0.013,0.0,1.031,0.007,0.0,1.013,1.012,0.0,0.023,2.0,0.0,0.0,0.988,0.06,1.914,1.04,0.0,0.017,0.0,0.0,1.107,0.0,1.034,0.121,2.0,0.0,0.91,0.947,0.011,0.016,1.911
sample_250,0.0,0.0,0.0,0.139,0.0,0.932,0.0,1.044,0.997,0.0,1.975,0.945,0.021,1.188,0.039,0.0,0.0,0.0,0.051,1.048,0.0,0.085,0.001,1.054,0.021,0.988,0.933,0.0,0.059,0.964,0.031,0.0,1.055,1.022,1.916,0.0,0.065,0.912,0.0,0.995,0.149,1.953,1.035,0.018,0.0,1.011,0.0,0.0,0.0,0.998
sample_251,0.063,0.004,0.076,0.041,0.0,1.956,0.0,0.0,0.0,1.01,0.12,1.037,0.939,0.899,1.986,1.057,0.985,1.038,0.0,1.05,0.888,1.112,0.0,0.056,0.0,0.0,0.983,1.018,0.032,0.074,0.099,1.023,1.12,1.007,1.075,0.03,0.0,2.0,0.035,0.0,0.029,0.061,0.998,0.794,1.117,0.979,1.942,0.0,0.0,0.0
sample_252,0.0,0.0,0.037,0.142,0.057,0.079,0.974,1.007,2.0,0.954,0.0,0.06,0.076,1.005,0.916,0.0,0.0,0.005,0.018,0.981,0.017,0.029,1.018,0.0,0.0,1.029,0.111,0.0,0.039,0.061,0.0,0.08,1.084,2.0,1.032,0.165,0.957,1.149,0.054,0.094,0.0,1.059,0.1,0.924,0.989,0.0,0.0,0.0,0.0,0.205
sample_253,0.12,0.0,0.039,0.056,0.0,1.012,0.019,0.906,0.0,0.012,0.007,1.95,0.0,0.994,0.062,0.995,0.114,0.951,0.014,0.0,0.041,0.0,1.135,0.0,0.12,0.006,1.039,0.093,1.06,0.0,0.042,0.131,0.938,2.0,0.027,0.0,0.0,0.984,0.0,0.971,0.0,0.0,0.052,0.985,0.0,0.0,0.025,0.005,0.0,0.009
sample_254,0.0,0.92,0.0,0.041,0.04,0.984,1.047,0.0,1.934,0.982,0.105,1.011,0.981,0.108,1.98,0.156,0.964,0.929,0.988,0.983,0.0,0.182,1.022,0.032,0.0,0.96,1.072,0.0,0.92,0.0,0.095,0.0,1.029,0.002,0.091,0.0,1.052,0.0,0.065,1.943,0.002,0.993,0.0,0.0,0.0,1.009,0.0,0.0,0.868,0.974
sample_255,0.072,0.049,0.0,0.017,0.0,0.114,0.145,1.012,1.181,0.0,0.0,0.0,0.0,1.162,1.98,0.0,0.937,1.08,0.07,0.0,0.0,0.0,0.12,0.048,0.005,0.131,0.137,0.997,0.0,0.959,0.0,0.0,0.0,0.0,0.076,0.0,1.136,0.0,0.122,0.974,0.0,1.09,1.098,0.937,0.0,1.937,0.0,1.008,0.0,0.873
sample_256,0.0,0.049,0.0,0.0,0.935,0.957,0.099,0.92,1.05,0.003,0.017,0.949,0.0,1.0,0.964,0.023,0.032,2.0,1.019,0.0,0.081,0.0,0.141,0.103,0.0,0.051,0.0,1.0,1.047,1.078,0.063,1.005,0.174,0.0,0.887,0.901,1.103,0.995,0.011,0.962,0.0,0.0,0.033,0.993,1.03,0.024,0.0,0.0,0.892,1.212
sample_257,0.103,0.094,0.0,1.001,0.0,0.0,0.959,0.093,1.059,0.0,0.978,1.052,0.96,0.006,1.028,0.027,1.018,1.954,0.0,0.0,0.0,0.0,1.057,0.0,0.019,0.055,0.0,0.0,0.115,1.039,0.0,0.046,1.948,1.048,1.952,0.0,0.962,0.0,0.0,1.984,0.0,0.034,0.012,0.0,1.07,0.0,0.011,1.054,1.023,0.082
sample_258,0.0,0.072,0.009,1.036,0.028,0.087,0.05,0.969,1.955,0.0,0.0,0.0,0.0,0.892,0.139,0.0,1.133,1.028,0.997,0.895,0.0,1.132,0.109,0.019,0.0,0.933,0.94,1.089,1.114,0.014,0.979,0.108,0.931,0.004,1.032,0.0,0.0,0.0,1.099,1.134,0.008,0.0,0.0,1.0,0.0,0.0,0.029,0.972,0.987,0.0
sample_259,0.0,0.0,0.053,0.0,0.11,0.009,0.043,2.0,0.0,0.936,1.928,0.983,0.049,0.959,1.043,0.0,0.0,0.082,0.988,0.0,0.0,0.0,0.0,0.074,0.0,0.0,0.0,0.0,1.083,0.043,0.909,0.0,0.0,0.0,1.86,0.0,0.04,0.041,1.061,0.891,1.004,0.0,0.994,0.0,0.0,0.0,0.081,0.023,0.896,1.033
sample_260,0.0,0.0,0.0,0.038,0.0,0.0,0.079,0.987,0.0,1.048,1.953,0.967,0.021,0.0,0.015,0.947,0.06,0.038,0.029,0.0,0.0,0.918,0.0,0.0,0.892,1.083,1.026,0.0,0.0,0.924,0.014,0.0,0.108,0.0,1.004,0.0,0.0,1.012,0.974,0.966,0.023,0.106,0.01,2.0,2.0,0.076,0.957,0.0,1.986,1.038
sample_261,0.055,0.009,0.061,0.0,0.062,0.071,1.047,1.009,2.0,0.0,1.014,1.021,0.0,1.033,0.913,0.0,1.003,0.949,1.006,0.005,0.0,1.04,0.0,2.0,0.992,0.918,0.0,0.08,0.0,0.0,0.06,0.0,0.046,1.065,1.019,1.168,0.0,0.0,0.982,2.0,0.126,1.09,0.0,0.0,0.0,0.0,2.0,0.0,0.0,2.0
sample_262,0.0,0.004,0.0,0.0,0.0,0.955,1.016,0.015,0.0,1.026,0.0,0.048,0.0,0.0,1.944,1.983,1.131,0.0,0.0,0.064,0.0,0.02,0.958,2.0,1.959,1.098,0.0,0.0,2.0,0.012,0.159,0.981,1.018,0.133,0.894,0.0,0.944,2.0,0.0,1.042,0.037,2.0,1.073,0.025,1.095,0.038,0.0,0.92,1.96,0.997
sample_263,0.012,0.0,0.0,0.002,0.038,0.114,0.013,0.0,1.873,2.0,0.939,1.061,0.098,0.892,1.039,0.09,1.071,0.853,0.0,0.0,0.037,0.029,1.811,0.979,0.056,1.01,2.0,0.0,0.926,0.0,0.004,0.043,1.049,0.006,0.077,0.0,1.899,0.033,1.009,2.0,0.0,0.125,0.05,0.0,0.0,0.075,0.923,0.158,0.957,1.12
sample_264,0.0,0.111,0.949,0.001,0.056,0.046,1.077,0.0,1.006,0.087,0.0,0.04,0.0,0.014,1.006,0.0,0.0,1.01,0.993,1.11,1.071,0.02,0.0,0.942,0.138,0.0,0.008,0.025,0.978,0.0,0.0,0.0,0.95,1.093,0.0,0.0,0.007,0.047,0.976,1.063,0.0,1.082,0.0,0.997,0.0,1.914,0.0,0.0,0.041,0.933
sample_265,0.0,0.0,0.0,0.0,0.0,0.072,0.087,1.14,0.0,0.94,0.049,0.0,0.06,0.014,0.111,0.073,0.074,0.0,0.0,0.0,0.895,0.103,0.052,0.0,0.091,0.956,0.0,0.071,0.911,0.986,0.014,1.027,2.0,0.041,1.038,0.945,0.021,0.895,1.109,0.902,0.0,0.908,0.0,0.001,0.963,0.08,0.016,0.0,0.991,1.085
sample_266,0.064,0.0,0.0,0.033,0.025,0.0,1.052,0.938,1.091,2.0,0.0,0.963,1.962,0.011,0.986,1.92,0.902,0.038,0.02,0.007,1.019,0.957,0.013,0.178,0.082,0.98,0.0,0.8,1.075,0.055,0.962,0.0,0.0,1.031,0.994,1.048,0.006,0.068,0.026,0.058,0.0,0.914,0.0,1.076,1.132,0.0,0.0,0.863,1.06,0.0
sample_267,0.207,0.0,0.147,0.052,0.0,0.016,0.054,0.0,0.059,2.0,2.0,0.999,0.0,0.0,0.012,0.0,0.012,0.0,0.0,0.0,0.0,1.135,1.015,0.073,0.0,0.0,1.047,0.0,0.977,0.926,0.005,0.075,0.065,0.111,1.121,0.0,0.0,0.873,1.044,0.0,0.0,0.0,0.027,0.896,0.912,0.0,1.084,0.0,0.945,1.85
sample_268,0.067,0.0,0.0,0.0,0.0,0.0,0.0,0.0,2.0,1.983,1.156,0.881,2.0,2.0,0.928,0.007,0.054,2.0,1.097,0.0,0.0,0.103,1.064,0.038,0.086,0.0,0.056,1.075,0.954,0.184,0.014,0.0,1.027,0.95,1.082,1.038,0.0,0.105,0.066,0.942,0.0,1.036,0.0,0.977,0.003,1.925,0.0,1.017,0.0,0.93
sample_269,0.0,0.0,0.03,0.0,0.0,0.0,0.0,1.026,0.0,0.058,1.068,0.982,0.0,0.0,1.993,0.946,0.0,1.005,0.17,0.0,0.0,0.0,1.087,0.061,0.056,0.095,0.0,0.0,1.12,0.044,0.845,0.032,0.0,0.063,0.029,0.0,0.019,0.015,1.025,0.04,0.105,0.029,0.002,0.08,0.157,1.064,0.014,0.03,0.018,0.001
sample_270,0.152,0.0,0.081,0.0,0.0,0.0,0.0,0.04,1.006,0.0,1.103,0.076,0.111,1.017,0.997,0.049,0.0,0.009,0.988,0.0,0.009,0.969,0.0,0.025,1.089,0.0,0.0,0.946,0.942,0.958,0.0,0.041,2.0,0.926,1.091,0.066,0.937,0.086,0.023,0.989,0.025,0.0,0.038,2.0,0.976,0.858,0.037,0.974,0.054,0.034
sample_271,0.0,0.072,0.014,0.011,0.99,0.118,0.0,0.977,0.913,2.0,0.0,0.967,0.964,0.004,0.0,0.0,0.032,0.852,1.06,1.109,0.0,1.091,0.0,0.112,0.968,0.0,0.0,0.12,0.037,0.964,0.023,2.0,0.0,2.0,0.964,0.07,0.053,1.951,0.0,0.071,0.01,0.024,0.0,1.046,0.02,0.0,0.025,0.0,0.0,0.0
sample_272,0.0,0.153,0.064,0.0,0.143,0.97,0.002,1.063,0.862,1.983,0.96,0.014,0.026,0.0,0.0,0.075,1.021,0.003,0.01,0.129,0.012,0.0,0.0,0.9,0.967,0.992,0.961,0.025,0.96,0.0,1.043,0.096,0.922,1.017,0.867,0.897,0.959,1.079,0.0,0.943,0.003,0.003,0.0,0.139,0.0,1.008,0.0,0.031,0.086,1.116
sample_273,0.0,0.077,0.038,0.068,0.0,0.0,1.066,2.0,1.11,1.014,0.0,0.0,0.0,0.972,0.0,0.057,0.0,0.965,0.0,0.084,0.957,2.0,0.014,0.063,0.06,0.0,0.881,0.984,0.999,0.02,0.948,1.08,1.001,0.0,0.968,0.135,0.047,1.073,0.0,0.0,0.0,0.013,1.988,0.0,0.975,0.944,0.0,1.078,0.0,0.024
sample_274,0.097,0.0,0.0,0.065,0.0,0.998,0.0,0.869,0.989,0.0,0.0,0.078,0.13,0.007,1.071,1.028,0.0,0.0,0.114,0.0,0.097,1.038,0.0,0.022,0.149,0.107,0.964,0.0,0.007,0.0,0.084,0.052,0.882,0.032,0.987,0.003,1.017,0.084,0.068,0.948,0.0,0.969,0.0,0.0,0.129,0.0,0.0,0.996,1.02,0.0
sample_275,0.0,0.0,0.093,0.0,0.0,1.147,0.0,1.024,0.074,2.0,0.907,0.95,0.021,1.135,0.947,0.0,2.0,0.043,0.048,0.0,0.0,0.015,0.088,0.0,0.998,0.928,1.13,0.011,0.075,0.002,0.006,0.0,0.849,0.088,1.005,0.014,0.0,0.937,1.074,1.122,0.0,0.047,1.013,0.992,0.13,0.968,1.087,0.027,0.0,1.096
sample_276,0.02,0.0,0.097,1.087,0.084,0.0,0.031,1.015,0.0,2.0,0.018,0.047,0.0,1.105,0.055,0.038,0.035,0.081,0.072,0.0,0.069,1.012,0.134,0.077,0.0,2.0,0.0,0.045,0.0,0.132,0.018,0.0,0.0,0.95,1.979,0.0,0.947,0.019,0.027,0.0,0.0,1.022,1.037,0.051,1.039,1.11,0.07,0.188,0.217,0.0
sample_277,0.0,0.0,0.035,0.0,0.049,0.0,0.0,0.962,0.986,1.059,1.966,0.98,1.04,0.0,1.078,0.0,0.92,1.021,1.028,0.939,0.094,0.135,0.0,1.104,0.833,1.075,0.0,2.0,0.0,0.0,0.0,0.985,0.128,0.992,2.0,0.973,0.104,1.886,0.0,0.962,0.108,0.013,0.0,0.0,1.929,1.065,1.056,0.979,0.0,1.05
sample_278,0.0,0.032,0.026,0.0,1.028,0.007,0.035,0.907,0.043,1.072,0.022,1.042,0.992,1.062,2.0,0.92,0.057,0.886,0.02,0.973,0.0,1.012,0.0,0.036,1.004,0.957,0.094,1.014,0.044,0.099,0.098,1.041,0.0,1.9,2.0,0.077,0.025,0.759,0.061,0.065,0.0,2.0,1.044,0.952,0.089,1.911,0.0,0.989,0.0,1.021
sample_279,0.092,0.087,0.051,0.0,0.0,0.012,0.998,0.0,0.133,1.007,0.038,0.069,0.004,1.181,0.934,0.0,0.0,1.109,1.056,0.0,0.94,1.097,0.025,0.099,0.0,1.036,1.021,0.956,1.99,0.0,0.035,0.053,0.069,2.0,0.0,1.109,0.062,1.097,0.102,0.0,0.027,1.054,0.0,0.921,0.0,1.992,0.0,0.0,0.01,0.993
sample_280,0.083,0.141,0.032,0.0,0.045,0.001,0.0,0.94,0.0,1.988,1.056,1.036,0.128,1.047,1.03,0.979,0.927,0.0,0.951,0.0,0.0,1.112,0.026,0.0,0.028,0.0,0.02,0.089,0.0,0.0,0.971,0.09,1.018,0.0,0.166,1.912,0.983,0.0,0.0,0.0,0.045,0.09,0.973,0.929,1.034,0.036,0.017,0.019,0.0,0.007
sample_281,0.0,0.075,0.156,0.013,0.0,0.018,0.954,0.054,1.031,1.971,0.063,1.001,0.0,1.025,2.0,0.067,2.0,0.992,0.967,1.0,0.025,0.034,0.021,0.0,0.07,0.953,0.174,0.053,0.921,1.013,0.054,0.0,0.895,0.0,0.038,0.0,0.0,1.038,0.0,0.0,0.965,0.0,0.034,0.944,0.962,1.024,0.0,0.951,0.0,0.026
sample_282,0.006,0.0,0.0,0.001,0.034,0.007,0.115,1.049,0.992,2.0,1.003,1.003,0.091,0.937,2.0,0.083,0.022,0.0,0.0,0.0,0.145,1.022,0.959,0.024,0.0,0.0,0.0,0.901,0.853,0.0,2.0,0.0,1.037,1.067,0.001,0.0,0.009,0.0,0.084,2.0,0.101,0.849,0.969,0.0,1.032,0.0,0.878,0.091,0.0,0.0
sample_283,0.0,0.027,0.0,0.017,0.0,0.0,1.1,0.028,0.977,0.964,1.103,1.041,0.08,0.0,0.004,1.028,0.0,0.0,0.0,1.028,0.0,0.04,1.022,0.986,1.031,0.0,0.0,0.038,1.041,0.0,0.958,0.0,0.961,2.0,2.0,0.001,0.0,2.0,0.0,0.0,1.054,0.027,0.0,0.989,0.009,1.976,0.011,0.873,0.0,0.932
sample_284,0.02,0.0,0.0,0.0,0.0,0.137,0.0,1.992,1.059,0.001,0.0,1.065,1.033,0.02,0.99,0.976,0.064,0.976,0.086,0.0,1.1,1.033,0.932,0.036,0.954,1.002,0.0,0.991,0.066,0.036,0.921,0.925,2.0,0.024,0.953,0.111,0.057,0.0,0.0,0.984,0.0,0.088,1.069,0.002,0.047,0.058,1.004,0.028,0.042,1.034
sample_285,0.0,0.0,0.98,0.951,0.0,0.047,1.024,0.906,0.0,1.987,0.013,0.924,0.0,0.036,0.893,0.0,0.0,0.0,1.018,0.112,0.0,0.061,0.824,0.098,0.0,1.171,0.973,0.09,0.076,0.0,0.0,0.941,1.055,0.0,0.0,0.038,0.937,0.0,0.007,0.0,0.0,0.107,0.0,0.0,0.0,1.032,0.0,2.0,0.018,0.0
sample_286,0.126,0.102,0.0,0.0,0.016,0.0,1.095,0.0,1.114,0.942,0.0,0.089,0.0,1.019,2.0,0.0,0.0,0.0,0.041,0.027,0.074,0.0,0.0,0.835,1.201,0.037,1.01,1.02,0.9,0.0,1.122,1.046,0.0,0.0,0.0,0.0,0.143,0.0,0.0,0.996,0.019,0.91,1.028,1.085,1.01,0.0,0.963,0.884,0.0,1.022
sample_287,0.0,0.136,0.055,0.0,0.0,1.931,0.11,0.062,1.114,1.001,0.0,0.913,0.024,0.986,0.0,0.113,0.0,1.093,0.0,0.188,0.0,0.05,0.061,0.965,1.057,0.061,1.95,0.0,0.003,0.992,0.098,0.049,0.995,0.042,0.0,0.0,0.02,0.078,1.014,0.102,0.061,0.966,0.0,0.029,0.969,0.107,0.0,1.022,0.051,0.0
sample_288,0.0,0.0,0.057,0.0,0.0,0.081,0.028,0.071,1.053,1.153,1.078,0.0,0.033,0.961,0.968,0.901,0.98,0.038,0.0,0.923,0.0,2.0,0.023,0.0,0.032,0.153,0.043,0.0,0.186,0.871,0.0,0.0,0.0,0.02,0.855,0.994,2.0,0.0,0.0,0.99,0.0,0.958,0.0,2.0,0.042,0.0,0.0,0.01,0.932,2.0
sample_289,0.103,0.0,0.0,0.027,0.0,0.0,0.033,1.048,1.002,1.996,1.144,1.084,0.058,0.009,0.0,0.079,0.01,0.96,0.0,0.0,0.074,1.048,1.013,0.997,0.0,0.0,0.0,0.0,1.937,1.02,0.057,0.0,1.099,1.945,0.991,0.0,1.076,1.007,0.009,0.884,0.0,1.077,0.0,0.094,0.035,0.0,0.0,0.133,1.099,1.992
sample_290,0.009,0.955,0.009,0.0,0.0,0.127,1.993,0.927,0.904,2.0,0.947,1.017,0.887,1.048,0.926,0.003,0.976,0.12,1.012,0.136,0.039,1.1,0.0,0.024,0.085,1.063,0.037,0.977,0.989,0.08,0.094,0.0,1.948,0.937,2.0,0.0,1.057,1.038,0.0,1.109,0.0,2.0,0.022,0.0,0.111,2.0,0.0,0.0,0.0,1.169
sample_291,0.0,0.0,0.019,0.0,0.931,0.07,1.032,0.0,1.001,0.969,0.0,0.947,0.0,0.957,0.949,0.073,1.054,0.0,0.916,0.989,0.151,0.0,0.0,0.006,0.0,0.968,0.081,0.032,1.059,0.041,1.063,1.111,2.0,1.163,2.0,0.953,0.059,1.05,0.134,0.0,0.039,1.952,0.036,0.985,2.0,0.0,0.056,1.014,1.011,1.137
sample_292,0.0,0.024,0.007,0.014,0.156,0.004,0.0,1.131,0.0,0.888,0.0,0.0,0.874,0.975,0.0,1.083,0.044,0.041,0.937,1.062,0.097,2.0,0.03,0.0,0.074,0.125,1.023,0.0,0.0,0.0,0.975,0.045,0.02,1.07,0.026,0.0,0.0,0.961,0.0,1.126,0.137,2.0,1.008,0.905,1.015,0.945,0.114,0.888,1.027,0.939
sample_293,0.0,0.047,0.072,0.0,0.053,0.0,0.017,1.07,2.0,0.0,0.98,0.071,0.0,1.934,1.042,0.969,0.0,1.095,0.0,0.986,0.957,0.979,0.0,0.05,0.008,1.069,0.0,0.149,0.0,0.0,1.123,0.033,0.024,1.03,0.04,0.021,0.0,0.057,0.046,0.1,2.0,0.023,0.0,1.124,0.0,0.024,0.0,0.0,0.054,1.017
sample_294,0.036,0.0,0.0,0.0,0.0,0.0,0.129,0.0,0.0,0.098,0.031,1.991,0.969,0.0,0.136,0.004,1.878,0.023,1.084,1.011,0.0,0.0,0.0,0.107,0.0,0.882,0.027,1.01,0.969,0.0,0.0,1.076,1.017,1.034,0.017,0.023,0.967,0.986,0.082,0.099,0.914,0.0,1.059,0.132,0.125,0.0,1.089,1.004,1.073,1.055
sample_295,0.0,1.038,0.07,0.0,0.0,0.0,0.048,1.015,0.0,0.977,0.011,0.961,2.0,0.0,1.094,0.001,0.0,0.0,0.072,0.039,0.015,0.06,0.06,0.014,0.982,0.0,1.029,2.0,0.0,0.103,0.026,0.027,1.168,1.116,0.118,0.0,0.153,0.0,0.0,0.849,0.023,0.924,0.029,0.919,0.126,0.039,0.16,0.928,1.108,1.874
sample_296,0.015,0.0,0.0,0.0,0.0,0.0,0.0,1.008,1.081,1.021,2.0,0.0,0.0,1.05,0.024,0.0,0.065,0.963,0.0,0.034,2.0,0.963,0.0,0.0,0.0,1.077,1.017,1.067,0.036,0.0,0.0,0.0,0.953,0.0,2.0,0.068,0.155,0.947,0.112,1.111,0.0,1.033,1.087,0.0,0.0,0.0,0.0,0.005,0.95,0.925
sample_297,0.03,0.0,0.056,0.034,0.0,0.996,0.917,0.053,1.013,2.0,1.035,0.955,0.0,1.067,1.048,0.0,0.029,2.0,0.08,0.0,0.0,0.0,0.0,0.102,0.0,0.0,0.0,0.0,0.999,0.0,1.076,0.99,1.174,0.918,1.111,0.097,0.0,0.0,0.0,0.936,1.0,0.001,0.0,0.161,0.982,2.0,0.0,0.0,0.975,1.0
sample_298,0.0,0.056,0.016,0.049,0.0,0.016,0.0,1.07,1.023,1.989,0.0,0.0,0.002,0.996,0.0,2.0,1.058,0.125,0.0,0.047,0.0,0.058,0.0,0.0,1.023,0.956,0.947,0.966,0.051,0.935,0.0,0.0,2.0,1.059,0.872,0.073,0.0,0.017,1.934,1.026,0.179,0.009,0.0,0.0,0.897,1.101,0.022,0.927,0.929,1.001
sample_299,0.065,0.0,0.078,0.994,0.0,0.967,1.122,0.0,0.949,1.067,1.015,0.0,0.068,1.071,1.023,0.0,0.0,0.02,0.908,0.093,0.119,0.0,0.025,0.083,0.137,1.109,0.0,0.0,1.035,0.0,1.125,1.114,0.943,0.989,0.948,0.0,0.984,0.067,0.0,0.0,0.0,0.928,0.954,0.013,0.0,0.0,0.0,0.0,0.961,0.958
sample_300,0.048,0.0,0.0,0.0,0.057,0.0,0.074,0.919,1.997,0.0,0.0,0.995,0.121,0.94,0.0,0.0,0.0,0.945,0.0,0.972,0.0,0.0,0.956,0.035,0.0,0.0,0.02,0.0,1.024,0.0,0.062,0.026,1.004,2.0,0.0,0.0,0.096,0.129,0.0,0.0,0.073,0.995,0.042,1.055,0.0,1.029,0.0,0.915,0.931,0.954
