sample,ASD,Age,Sex,IQ,ADOS_Score,Social_Impairment,Repetitive_Behavior,ASD_Subgroup
sample_1,1,9.2,0,96,11.0,7.15,7.9,3
sample_2,0,11.4,1,134,0.0,0.65,0.28,0
sample_3,1,7.0,0,95,17.7,7.62,5.71,2
sample_4,0,13.0,0,134,0.0,1.05,0.25,0
sample_5,0,11.2,1,91,0.0,0.17,0.83,0
sample_6,1,9.1,0,75,11.3,6.9,7.13,1
sample_7,1,9.0,1,104,18.4,5.02,8.42,1
sample_8,1,13.6,0,55,11.4,6.89,6.95,1
sample_9,0,3.0,1,117,0.0,0.17,0.63,0
sample_10,1,9.3,1,109,11.2,8.25,7.98,1
sample_11,1,4.8,1,45,12.8,8.63,4.78,2
sample_12,1,3.2,1,84,16.9,6.97,4.91,3
sample_13,1,6.9,1,88,13.3,9.48,7.42,3
sample_14,0,10.5,0,104,0.0,0.21,0.13,0
sample_15,0,9.5,0,102,0.0,0.44,0.15,0
sample_16,1,3.0,0,113,17.7,8.57,5.76,2
sample_17,1,16.5,1,79,11.0,9.92,7.66,2
sample_18,1,11.9,1,45,16.3,8.69,6.38,1
sample_19,1,9.2,1,127,8.8,8.55,7.93,2
sample_20,1,8.2,1,61,15.6,7.4,7.11,2
sample_21,0,6.1,1,102,0.0,0.47,0.54,0
sample_22,0,7.1,1,85,0.0,0.43,0.16,0
sample_23,1,7.6,0,86,18.9,5.44,7.97,1
sample_24,0,12.2,0,124,0.0,0.22,0.13,0
sample_25,1,9.8,1,56,13.2,8.27,5.69,1
sample_26,1,14.9,1,94,10.4,9.22,6.78,1
sample_27,1,10.5,1,99,15.2,7.32,3.89,3
sample_28,1,10.8,1,110,8.3,7.44,9.55,3
sample_29,1,3.0,1,61,8.5,9.55,7.27,3
sample_30,1,6.8,1,62,11.8,3.15,6.4,2
sample_31,1,7.0,1,93,12.7,5.27,5.43,1
sample_32,1,3.0,1,70,13.9,8.05,7.56,2
sample_33,0,11.1,1,97,0.0,0.51,0.05,0
sample_34,1,10.0,0,61,12.5,3.45,6.94,1
sample_35,0,4.7,0,108,0.0,0.2,0.39,0
sample_36,1,13.4,1,78,20.8,6.58,5.21,3
sample_37,1,12.1,0,98,10.1,3.45,9.66,3
sample_38,1,9.2,1,89,13.3,6.14,8.94,2
sample_39,1,6.9,1,78,14.6,6.93,7.13,2
sample_40,0,9.3,1,109,0.0,0.43,0.71,0
sample_41,0,9.9,1,89,0.0,0.43,0.12,0
sample_42,1,9.3,1,97,12.0,4.65,8.11,3
sample_43,1,9.2,1,89,21.0,7.57,7.24,1
sample_44,0,13.3,0,70,0.0,1.05,0.4,0
sample_45,0,9.8,0,125,0.0,0.68,0.53,0
sample_46,1,11.5,1,70,15.2,8.19,5.13,1
sample_47,1,13.3,1,135,14.1,6.68,5.54,1
sample_48,0,5.9,0,97,0.0,0.59,0.14,0
sample_49,0,10.5,1,85,0.0,0.49,0.03,0
sample_50,0,9.0,0,115,0.0,0.45,0.11,0
sample_51,0,7.3,1,83,0.0,0.27,0.88,0
sample_52,1,8.8,1,95,18.2,8.22,8.23,3
sample_53,0,8.8,0,113,0.0,0.7,0.08,0
sample_54,0,10.0,1,95,0.0,0.19,0.15,0
sample_55,0,6.6,0,85,0.0,0.51,0.27,0
sample_56,1,7.0,0,102,9.2,8.84,8.63,2
sample_57,1,6.5,0,63,21.0,6.76,3.37,1
sample_58,1,11.4,1,111,21.0,4.7,2.54,1
sample_59,0,9.1,0,114,0.0,0.22,0.4,0
sample_60,1,11.7,1,98,18.9,6.14,3.91,1
sample_61,1,4.2,1,106,17.3,7.96,6.7,1
sample_62,1,4.4,1,59,18.8,6.08,6.9,3
sample_63,0,10.0,1,136,0.0,0.15,0.31,0
sample_64,1,6.3,0,114,15.5,5.53,9.27,1
sample_65,0,8.8,0,83,0.0,0.73,0.25,0
sample_66,1,9.7,0,112,13.4,6.78,7.25,3
sample_67,1,4.8,0,112,7.0,7.73,9.14,1
sample_68,1,9.2,1,71,14.0,5.79,8.12,2
sample_69,1,8.6,0,78,11.3,7.1,6.79,2
sample_70,1,9.4,1,109,15.9,8.72,5.88,2
sample_71,0,6.3,0,118,0.0,0.33,0.18,0
sample_72,0,13.6,0,101,0.0,0.85,0.13,0
sample_73,1,8.7,1,45,13.6,7.73,7.49,2
sample_74,1,12.2,0,94,10.9,8.36,7.62,1
sample_75,1,11.1,1,72,7.0,7.72,6.71,2
sample_76,1,7.9,1,107,14.3,5.08,5.59,1
sample_77,1,9.6,0,50,7.8,5.54,3.97,1
sample_78,1,9.5,0,73,7.0,9.43,8.94,1
sample_79,1,11.0,1,122,17.9,4.29,9.55,1
sample_80,1,8.9,0,61,14.0,6.18,6.43,2
sample_81,0,10.2,0,137,0.0,1.26,0.25,0
sample_82,0,8.1,0,114,0.0,0.72,0.72,0
sample_83,1,10.2,0,82,10.9,7.9,6.02,1
sample_84,1,9.0,1,54,15.6,4.57,8.58,2
sample_85,1,14.3,0,70,8.7,5.74,7.24,1
sample_86,1,11.8,0,126,10.3,7.5,6.71,3
sample_87,1,11.8,0,106,14.2,7.45,5.4,2
sample_88,0,11.6,0,103,0.0,0.25,0.15,0
sample_89,0,11.2,1,102,0.0,1.26,0.3,0
sample_90,1,4.4,0,110,21.0,6.8,8.16,3
sample_91,1,9.0,1,88,9.1,9.06,7.3,1
sample_92,0,8.6,0,109,0.0,0.55,0.87,0
sample_93,1,4.9,1,108,8.3,8.14,4.61,1
sample_94,1,9.7,0,64,14.9,7.53,9.01,1
sample_95,0,8.2,1,100,0.0,0.47,0.36,0
sample_96,1,13.1,1,47,11.6,7.06,2.9,3
sample_97,1,8.7,0,96,12.8,8.97,6.24,2
sample_98,1,10.8,1,70,14.7,9.2,6.05,1
sample_99,1,8.6,1,88,8.6,8.8,9.21,3
sample_100,0,3.0,1,108,0.0,0.62,0.36,0
sample_101,1,7.6,1,99,21.0,8.7,7.46,3
sample_102,1,13.2,1,60,15.3,8.6,8.7,2
sample_103,0,6.3,0,90,0.0,0.35,0.28,0
sample_104,0,4.0,1,75,0.0,0.36,0.78,0
sample_105,1,12.4,1,137,13.6,7.35,6.65,1
sample_106,0,11.9,0,115,0.0,0.8,0.25,0
sample_107,0,3.0,0,101,0.0,0.1,0.08,0
sample_108,1,14.7,1,101,14.7,6.9,9.24,3
sample_109,1,7.9,0,66,14.8,5.27,8.64,1
sample_110,1,12.1,1,126,19.0,7.07,7.22,1
sample_111,0,6.5,1,96,0.0,0.06,0.38,0
sample_112,1,3.3,1,69,20.7,8.24,9.39,1
sample_113,1,9.8,1,117,14.7,5.79,6.46,2
sample_114,1,14.6,1,77,21.0,9.01,5.08,1
sample_115,1,6.0,1,81,17.4,5.74,6.7,2
sample_116,1,15.1,1,109,8.5,3.56,8.89,2
sample_117,1,7.9,1,92,15.9,6.86,6.93,2
sample_118,1,12.0,1,58,14.0,7.84,5.2,2
sample_119,1,4.9,0,85,14.3,8.94,3.91,2
sample_120,1,11.8,1,67,9.9,4.52,7.54,1
sample_121,1,7.6,1,54,7.0,7.09,7.55,2
sample_122,0,9.1,1,102,0.0,1.35,0.67,0
sample_123,0,13.4,0,129,0.0,0.84,0.31,0
sample_124,0,8.1,0,99,0.0,0.16,0.4,0
sample_125,1,15.0,1,96,21.0,8.05,7.12,2
sample_126,1,12.7,0,70,12.7,5.83,5.58,2
sample_127,1,8.0,0,121,12.8,6.06,7.01,1
sample_128,1,11.5,0,121,11.7,8.33,6.75,2
sample_129,0,9.8,1,103,0.0,0.53,0.48,0
sample_130,1,12.0,1,103,16.8,7.97,7.5,1
sample_131,0,8.1,0,107,0.0,0.38,1.35,0
sample_132,0,8.2,0,79,0.0,1.26,0.33,0
sample_133,1,7.4,1,85,11.6,6.86,8.66,2
sample_134,0,9.0,1,70,0.0,0.82,0.41,0
sample_135,0,8.0,1,96,0.0,1.19,0.77,0
sample_136,0,8.7,1,99,0.0,0.12,0.34,0
sample_137,1,7.9,1,64,17.0,7.4,8.54,3
sample_138,1,7.7,0,106,12.4,7.1,6.65,2
sample_139,0,5.7,0,105,0.0,0.92,0.3,0
sample_140,1,3.3,0,70,13.1,5.98,9.01,2
sample_141,1,11.2,0,60,14.0,4.79,6.74,2
sample_142,1,12.1,1,87,20.2,4.3,5.99,3
sample_143,1,14.0,1,105,7.5,5.18,4.87,3
sample_144,1,12.4,0,74,13.1,9.36,9.51,2
sample_145,1,9.3,1,56,13.8,6.45,7.15,1
sample_146,0,8.6,1,80,0.0,0.91,0.44,0
sample_147,1,12.0,0,88,14.3,7.25,8.56,2
sample_148,1,11.9,1,55,10.4,6.37,7.03,2
sample_149,1,11.3,1,67,14.2,8.04,8.31,1
sample_150,0,16.1,0,76,0.0,0.33,0.32,0
sample_151,1,11.5,1,114,11.4,8.75,7.56,3
sample_152,0,7.1,1,100,0.0,0.54,0.29,0
sample_153,1,17.8,1,49,9.0,6.07,7.69,1
sample_154,0,10.6,1,106,0.0,0.85,0.16,0
sample_155,1,4.9,0,107,7.0,7.36,6.87,2
sample_156,1,8.2,1,113,17.8,6.57,9.52,2
sample_157,0,13.5,0,105,0.0,0.22,0.15,0
sample_158,1,5.9,1,107,20.7,9.23,3.91,1
sample_159,1,11.6,1,103,16.3,7.87,8.06,3
sample_160,1,7.5,0,105,10.5,7.94,6.63,3
sample_161,0,6.8,0,102,0.0,0.5,0.1,0
sample_162,0,3.8,1,85,0.0,0.83,0.18,0
sample_163,0,8.8,1,113,0.0,0.89,0.46,0
sample_164,1,6.7,0,68,9.6,6.58,4.83,2
sample_165,1,7.1,1,82,20.5,8.77,9.14,1
sample_166,1,9.3,1,79,13.4,8.91,7.16,1
sample_167,0,8.1,0,99,0.0,0.12,0.11,0
sample_168,1,6.7,1,81,18.9,8.6,5.64,2
sample_169,1,9.0,0,78,14.6,7.8,7.79,2
sample_170,0,8.7,0,85,0.0,0.31,0.59,0
sample_171,1,6.8,0,65,11.3,5.53,6.02,3
sample_172,1,14.8,1,87,14.7,9.09,5.64,3
sample_173,1,11.8,1,87,16.4,7.57,8.12,2
sample_174,1,12.4,1,47,9.6,5.6,7.03,1
sample_175,0,4.7,0,103,0.0,0.14,0.28,0
sample_176,1,8.6,0,57,15.1,7.71,5.54,1
sample_177,1,11.7,1,69,8.1,5.77,7.19,2
sample_178,1,3.3,1,45,9.3,5.68,1.82,2
sample_179,1,8.1,0,62,7.0,7.2,8.09,2
sample_180,1,10.3,0,75,16.1,7.22,5.75,2
sample_181,1,7.7,1,116,11.2,8.61,7.2,1
sample_182,1,10.4,1,64,9.7,8.14,7.95,2
sample_183,1,12.3,0,88,16.5,7.88,6.65,1
sample_184,1,13.1,0,78,17.3,5.89,8.95,2
sample_185,1,10.8,1,81,20.1,4.45,9.03,2
sample_186,1,10.4,1,91,16.4,7.69,5.96,1
sample_187,1,14.3,1,60,15.6,6.7,8.51,1
sample_188,0,3.0,1,76,0.0,0.68,0.16,0
sample_189,0,9.2,0,108,0.0,0.36,0.08,0
sample_190,0,8.4,1,121,0.0,0.66,0.34,0
sample_191,0,9.6,0,125,0.0,0.16,0.25,0
sample_192,0,7.4,1,91,0.0,1.19,0.53,0
sample_193,1,16.6,1,70,13.6,8.6,9.31,1
sample_194,1,3.8,1,98,13.4,4.38,8.6,1
sample_195,1,13.9,1,61,15.1,4.58,8.51,2
sample_196,1,14.0,0,63,11.5,6.59,9.42,2
sample_197,1,5.9,0,127,12.8,5.74,6.39,1
sample_198,1,10.2,1,111,10.2,5.9,6.09,2
sample_199,1,10.8,1,115,13.9,6.67,8.07,3
sample_200,0,12.1,0,98,0.0,0.43,0.25,0
sample_201,1,10.5,1,65,14.1,6.49,9.04,3
sample_202,0,8.0,0,87,0.0,0.38,0.5,0
sample_203,1,4.7,1,70,16.1,8.06,6.73,3
sample_204,1,12.9,1,62,8.4,7.46,8.1,1
sample_205,0,8.6,0,103,0.0,0.23,0.57,0
sample_206,0,12.4,1,121,0.0,1.06,0.43,0
sample_207,1,10.9,0,116,13.4,9.51,7.15,2
sample_208,0,9.7,0,118,0.0,0.33,0.26,0
sample_209,1,11.5,0,65,21.0,8.36,7.34,3
sample_210,0,8.2,0,107,0.0,0.53,0.43,0
sample_211,1,12.9,1,119,16.2,6.91,6.87,2
sample_212,1,7.4,1,107,13.5,5.99,7.15,1
sample_213,0,15.1,1,82,0.0,1.75,0.42,0
sample_214,1,12.7,0,70,12.2,8.34,4.62,3
sample_215,0,6.0,0,120,0.0,0.4,0.35,0
sample_216,1,9.1,1,70,11.7,6.13,5.34,1
sample_217,0,4.9,0,105,0.0,1.4,0.16,0
sample_218,0,11.7,0,90,0.0,0.26,0.29,0
sample_219,1,7.6,1,45,9.2,7.02,9.27,1
sample_220,1,12.1,1,117,20.0,7.16,3.28,3
sample_221,0,3.0,1,115,0.0,0.53,0.29,0
sample_222,1,7.9,1,64,15.7,6.38,7.69,1
sample_223,1,7.6,0,105,18.8,6.78,5.17,3
sample_224,1,8.0,1,69,13.9,7.42,6.76,3
sample_225,1,7.5,0,111,18.0,9.13,9.34,2
sample_226,1,15.8,1,82,16.2,8.22,4.64,2
sample_227,1,8.9,1,106,17.6,5.3,5.83,1
sample_228,0,11.6,0,78,0.0,0.18,0.86,0
sample_229,1,11.1,1,74,18.3,4.9,6.08,2
sample_230,1,7.3,1,45,9.2,8.38,9.34,1
sample_231,1,10.0,1,90,14.5,8.31,6.09,1
sample_232,1,10.1,0,90,15.7,7.16,8.28,1
sample_233,1,13.4,1,111,11.1,7.41,5.47,1
sample_234,1,4.5,1,70,11.1,8.26,7.96,1
sample_235,1,8.9,1,60,18.9,5.11,5.67,1
sample_236,0,12.6,1,97,0.0,1.41,0.87,0
sample_237,1,8.5,1,85,9.8,8.6,7.48,3
sample_238,1,8.6,1,92,10.7,5.16,8.84,1
sample_239,1,13.4,1,65,11.8,7.32,7.05,1
sample_240,1,6.1,1,111,16.2,5.06,6.71,1
sample_241,0,13.7,0,111,0.0,0.36,0.85,0
sample_242,0,5.7,0,111,0.0,0.8,0.81,0
sample_243,1,12.3,1,102,18.7,6.56,6.41,3
sample_244,0,7.6,0,99,0.0,0.56,0.57,0
sample_245,1,6.3,0,45,11.6,8.96,7.85,3
sample_246,1,7.0,1,53,13.7,7.13,7.29,2
sample_247,1,13.3,1,109,10.1,8.51,6.54,3
sample_248,1,10.6,0,65,16.7,7.36,6.73,3
sample_249,1,7.5,1,83,16.1,6.07,5.52,2
sample_250,1,9.7,0,63,11.8,8.29,5.45,1
sample_251,1,6.4,1,60,8.5,8.83,6.24,1
sample_252,0,7.5,0,90,0.0,0.52,0.17,0
sample_253,0,11.6,0,108,0.0,0.53,0.27,0
sample_254,1,5.1,1,114,20.0,9.63,7.26,2
sample_255,1,9.0,0,103,13.2,3.75,7.34,3
sample_256,1,12.8,0,91,12.5,9.13,4.49,3
sample_257,1,3.7,1,113,14.6,8.0,7.5,1
sample_258,0,5.3,0,105,0.0,0.79,0.59,0
sample_259,0,12.5,1,121,0.0,0.96,0.28,0
sample_260,1,15.0,1,103,14.5,4.64,6.76,3
sample_261,1,5.2,1,49,17.0,8.16,5.34,2
sample_262,0,13.6,0,107,0.0,0.06,0.64,0
sample_263,1,9.7,1,59,13.3,6.65,6.24,2
sample_264,0,13.5,1,84,0.0,0.76,0.26,0
sample_265,0,8.7,1,110,0.0,0.11,0.05,0
sample_266,1,7.0,1,141,19.6,9.23,4.48,2
sample_267,1,10.7,1,106,21.0,8.56,2.76,1
sample_268,1,10.2,0,54,11.0,5.17,4.43,3
sample_269,1,16.3,1,119,15.8,6.2,4.5,3
sample_270,1,3.0,0,100,8.1,7.88,7.16,3
sample_271,0,6.6,1,89,0.0,1.15,0.2,0
sample_272,1,12.0,0,70,18.8,8.33,6.94,2
sample_273,1,10.3,1,66,11.3,6.45,7.64,3
sample_274,0,7.7,0,124,0.0,0.4,0.09,0
sample_275,1,8.4,0,56,14.1,8.21,6.03,2
sample_276,0,4.2,1,105,0.0,0.35,0.2,0
sample_277,0,10.7,1,80,0.0,0.54,0.17,0
sample_278,1,7.3,1,68,15.7,4.68,8.95,2
sample_279,1,9.4,1,60,10.3,5.09,6.13,1
sample_280,0,9.9,0,83,0.0,1.27,0.28,0
sample_281,1,11.0,1,57,14.5,8.19,4.98,3
sample_282,1,11.8,1,97,10.8,8.81,9.82,1
sample_283,1,13.1,1,56,17.8,8.92,6.91,1
sample_284,1,7.6,1,107,12.8,6.96,5.9,2
sample_285,1,8.0,0,103,19.9,6.18,6.6,3
sample_286,0,9.9,0,102,0.0,0.45,0.23,0
sample_287,1,5.3,1,56,15.3,9.79,5.28,1
sample_288,0,7.7,0,75,0.0,0.57,0.22,0
sample_289,1,14.9,1,101,16.0,5.8,7.63,1
sample_290,1,6.0,1,66,13.3,3.85,6.11,1
sample_291,0,9.8,0,116,0.0,0.03,0.12,0
sample_292,0,9.5,0,96,0.0,0.15,0.34,0
sample_293,1,13.6,1,59,7.0,7.73,4.81,2
sample_294,1,9.2,1,100,19.2,7.83,5.77,3
sample_295,0,15.2,1,89,0.0,0.26,0.03,0
sample_296,1,12.4,1,57,20.6,6.3,6.4,1
sample_297,1,3.0,1,92,18.0,7.11,8.85,3
sample_298,1,14.0,1,57,16.2,8.03,6.03,1
sample_299,0,9.2,0,114,0.0,0.68,0.24,0
sample_300,0,11.9,1,94,0.0,1.14,0.92,0
